data;descricao;grupo;subgrupo;valor
09/01/2025;juros e multas boletos Oral Unic;;JUROS E COMISSÕES BANCÁRIAS;193,99
09/01/2025;MAG Seguros Seguros e Previdência S.A| PGTO REF SEGURO DE VIDA;;SEGUROS;-283,77
09/01/2025;MINISTÉRIO DA FAZENDA - SECRETARIA DA RECEITA FEDERAL DO BR| PGTO REF INSS ENCERRAMENTO;;INSS A RECOLHER;-1280,07
09/01/2025;MINISTERIO DA FAZENDA - CGSN| PGTO REF SIMPLES NACIONAL;;SIMPLES NACIONAL A RECOLHER;-5886,75
09/01/2025;MINISTÉRIO DA FAZENDA - SECRETARIA DA RECEITA FEDERAL DO BR| PGTO REF FGTS;;FGTS A RECOLHER;-2492,97
09/01/2025;DEBITO TARIFA DE COBRANÇA INSTRUÇOES;;JUROS E COMISSÕES BANCÁRIAS;-1,9
09/01/2025;ISO - INSTITUTO DE SAUDE OCUPACIONAL| PGTO REF EXAMES DEMISSIONAIS E ADMISSIONAIS;;ASSISTENCIA MEDICA E SOCIAL;-120
09/01/2025;CELMAT - JDG COMERCIO DE PRODUTOS ODONTOLOGICOS LTDA | PGTO REF MP NFe 2347;;FORNECEDORES A PAGAR;-2125
09/01/2025;Transf. |Origem:CAIXA FISICA-Destino:BANCO UNICRED 165099-8 TRANSF DE CAIXA FISCA P/ UNI P;;CAIXA GERAL;6000
09/01/2025;Transf. |Origem:CAIXA FISICA-Destino:BANCO UNICRED 165099-8 DEPOSITO CHEQUE CUSTODIA;;CAIXA GERAL;1200
09/01/2025;CELMAT - JDG COMERCIO DE PRODUTOS ODONTOLOGICOS LTDA | PGTO REF MP NFe 2554;;FORNECEDORES A PAGAR;-838
09/01/2025;DENTALSHOP PROD ODONTOLOGICOS LTDA| PGTO REF MP NFe 739450/1;;FORNECEDORES A PAGAR;-559,3
09/01/2025;BESSER PRODUTOS ODONTOLOGICOS| PGTO REF NFe 01157;;FORNECEDORES A PAGAR;-612,62
09/01/2025;ODONTOVILLE H2T COMERCIO DE PRODUTOS E EQUIPMANETOS LTDA ME| PGTO REF MP NFe 032956;;FORNECEDORES A PAGAR;-564,7
09/01/2025;DEBITO CUSTAS DE CARTORIO;;DESPESAS LEGAIS E JUDICIAIS;-490,11
09/01/2025;DEVOLUCAO DE CHEQUE DEPOSITADO;;CLIENTES DIVERSOS;-6000
09/01/2025;DEBITO TARIFA COBRANÇA INSTRUÇÕES;;JUROS E COMISSÕES BANCÁRIAS;-1,9
09/01/2025;DEBITO TARIFA DE COBRANÇA;;JUROS E COMISSÕES BANCÁRIAS;-10,05
09/01/2025;DEPOSITO EM CHEQUE 24H;;CLIENTES DIVERSOS;6000
09/01/2025;BAUER TRANSPORTES LTDA| 0012547765 PGTO REF FRETES E DESPACHOS;;FRETES;-46,99
09/01/2025;BAUER TRANSPORTES LTDA| PGTO REF FRETES E DESPACHOS;;FRETES;-154,22
09/01/2025;DENTAL CREMER PRODS. ODONT. S.A| PGTO REF MP NFe 769032;;FORNECEDORES A PAGAR;-376,63
09/01/2025;BAUER TRANSPORTES LTDA| 1261674-1 PGTO REF FRETES E DESPACHOS;;FRETES;-386,5
09/01/2025;BAUER TRANSPORTES LTDA| PGTO REF FRETES E,DESPACHOS;;FRETES;-281,94
09/01/2025;H2T COMERCIO DE PRODUTOS E EQUIPAMENTOS LTDA ME| PGTO REF MP;;FORNECEDORES A PAGAR;-548,32
09/01/2025;H2T COMERCIO DE PRODUTOS E EQUIPAMENTOS LTDA ME| PGTO REF MP;;FORNECEDORES A PAGAR;-687,5
09/01/2025;DEVOLUÇÃO DE CHEQUE DEPOSITADO;;CLIENTES DIVERSOS;-6000
09/01/2025;Pgto de serviço(s) realizado(s) | Cliente: Andrea Bresola;;CLIENTES DIVERSOS;10000
09/01/2025;DEBITO TARIFA DE COBRANÇA COMPE;;JUROS E COMISSÕES BANCÁRIAS;-1,9
09/01/2025;DENTAL ITA| PGTO REF MP NFe 222427;;FORNECEDORES A PAGAR;-503,6
09/01/2025;Pgto de serviço(s) realizado(s) | Cliente: Karina Badalotti;;CLIENTES DIVERSOS;2437
09/01/2025;Transf. |Origem:CAIXA FISICA-Destino:BANCO UNICRED 165099-8 DEPOSITO CHEQUE CUSTODIA 24H;;CAIXA GERAL;5440
09/01/2025;CEPTIOM| PGTO REF MC NFe 9355;;FORNECEDORES A PAGAR;-350
09/01/2025;DENTALSHOP PROD ODONTOLOGICOS LTDA| PGTO REF MP NFe 761429/1;;FORNECEDORES A PAGAR;-331,81
09/01/2025;SURYA DENTAL COM.PRO.ODONT.E FARM. S/A| PGTO REF MP NFe 2392211;;FORNECEDORES A PAGAR;-583,1
09/01/2025;JJGC INDUSTRIA E COMERCIO DE MATERIAIS DENTARIOS S.A| PGTO REF MC NFe 000135711;;FORNECEDORES A PAGAR;-374,44
09/01/2025;DENTALSHOP PROD ODONTOLOGICOS LTDA| PGTO REF MP NFe 774315/1;;FORNECEDORES A PAGAR;-325,25
09/01/2025;OSNI BOING & CIA LTDA;;MATERIAL DE HIGIENE E LIMPEZA;-2675
09/01/2025;G4 EDUCACAO LTDA| PGTO REF CURSO GESTAO (cartao);;CURSOS E TREINAMENTOS;-2491,74
09/01/2025;DARLOS SOARES| PGTO REF CURSO DE GESSO (CARTAO);;CURSOS E TREINAMENTOS;-275,36
09/01/2025;SUPERVISA SUPERMERCADOS LTDA| (CARTAO)PGTO REF PRODUTOS COPA E COZINHA;;COPA E COZINHA;-64,97
09/01/2025;MOMENTUS WINE BAGS| PGTO REF EMBALAGENS PRESENTE CLIENTES (CARTAO);;INSUMOS;-576,71
09/01/2025;VINICULA PANCERI| PGTO REF VINHOS BRINDES CLIENTES (CARTAO);;BRINDES P/ CLIENTES;-1050
09/01/2025;MERCADO LIVRE| PGTO REF MAT DE ESCRITORIO (CARTAO);;MATERIAL DE ESCRITÓRIO;-271,26
09/01/2025;EXACT SALES SOFTWARE| PGTO REF SOFTWERE (CARTAO);;SOFTWARES;-2343
09/01/2025;MULTI - LM COMERIO E DISTRB DE UTILIDADES| pgto ref presente (AMIGO DA ONÇA) (CARTAO);;CONFRATERNIZAÇÕES E BRINDES;-59,99
09/01/2025;THAIS CARLA DE SOUZA| PGTO REF ROTULOS VINHOS (CARTAO);;CONFRATERNIZAÇÕES E BRINDES;-168,42
09/01/2025;CD ATACADO| PGTO REF EMBALAGENS PARA PRESENTES CLIENTES (CARTAO);;INSUMOS;-255,5
09/01/2025;SUPERMERCADO COPERCAMPOS| PGTO REF BRINDES DE NATAL COLABORADORES (CARTAO);;CONFRATERNIZAÇÕES E BRINDES;-431,78
09/01/2025;OS3PORCENTO CONSULTORIA| PGTO REF CONSULTORIA (CARTAO);;CURSOS E TREINAMENTOS;-1918,31
09/01/2025;UNICRED OESTE SERRA| PGTO REF ANUIDADE CARTAO;;JUROS E COMISSÕES BANCÁRIAS;-21,5
09/01/2025;XPRESSION CELULARES E COMPUTADORES| PGTO REF CONSERTO NOTEBOOK (CARTAO);;MANUTENÇÕES E REPAROS;-85
09/01/2025;Transf. |Origem:APLICAÇÃO FINANCEIRA-Destino:BANCO UNICRED 165099-8 RESGATE APLICAÇÃO FINA;;APLICAÇÃO UNICRED;10855,92
10/01/2025;USIART INDUSTRIA C M LTDA ME| PGTO REF MC NFe 05941;;FORNECEDORES A PAGAR;-379
10/01/2025;DENTALSHOP PROD ODONTOLOGICOS LTDA| PGTO REF MP NFe 72456/1;;FORNECEDORES A PAGAR;-329,13
10/01/2025;DENTALSHOP PROD ODONTOLOGICOS LTDA| PGTO REF MP NFe 734511/1;;FORNECEDORES A PAGAR;-1041,18
10/01/2025;Transf. |Origem:BANCO UNICRED 165099-8-Destino:APLICAÇÃO APLICAÇÃO FINANCEIRA;;APLICAÇÃO UNICRED;-10855
10/01/2025;ODONTOVILLE H2T COMERCIO DE PRODUTOS E EQUIPMANETOS LTDA ME| PGTO REF MP NFe 033489;;FORNECEDORES A PAGAR;-1383,85
10/01/2025;DENTAL ITA| PGTO REF MP NFe 235390;;FORNECEDORES A PAGAR;-251,3
10/01/2025;EFF DENTAL COMPONENTES LTDA - FILIAL| PGTO REF MP NFe 104141/5;;FORNECEDORES A PAGAR;-601,28
10/01/2025;DEBITO CUSTAS GRAVAÇÃO ELETRONICA;;TAXAS DIVERSAS;-9,19
10/01/2025;DEBITO CUSTAS GRAVAÇÃO ELETRONICA;;TAXAS DIVERSAS;-9,19
10/01/2025;MATTES SERVIÇOS ELETRÔNICOS LTDA| PGTO REF MP NFe 010959;;SERVIÇOS PRESTADOS POR TERCEIROS;-241,53
10/01/2025;DENTALSHOP PROD ODONTOLOGICOS LTDA| PGTO REF MP NFe 776913/1;;FORNECEDORES A PAGAR;-359,8
10/01/2025;ODONTOVILLE H2T COMERCIO DE PRODUTOS E EQUIPMANETOS LTDA ME| PGTO REF MP NFe 033263;;FORNECEDORES A PAGAR;-893,33
10/01/2025;DEBITO TARIFA DE COBRANÇA;;JUROS E COMISSÕES BANCÁRIAS;-20,1
10/01/2025;Pgto de serviço(s) realizado(s) | Cliente: Lea Dallanora;;CLIENTES DIVERSOS;1800
10/01/2025;CELMAT - JDG COMERCIO DE PRODUTOS ODONTOLOGICOS LTDA | PGTO REF NFe 2530;;FORNECEDORES A PAGAR;-1876,32
10/01/2025;DENTALSHOP PROD ODONTOLOGICOS LTDA| PGTO REF MP NFe 746357/1;;FORNECEDORES A PAGAR;-413,17
10/01/2025;H2T COMERCIO DE PRODUTOS E EQUIPAMENTOS LTDA ME| PGTO REF MP NFe 033745;;FORNECEDORES A PAGAR;-485
10/01/2025;DENTALSHOP PROD ODONTOLOGICOS LTDA| PGTO REF MP NFe 777488/1;;FORNECEDORES A PAGAR;-346,5
10/01/2025;DENTALSHOP PROD ODONTOLOGICOS LTDA| PGTO REF MP NFe 765100/1;;FORNECEDORES A PAGAR;-316,63
10/01/2025;Pgto de serviço(s) realizado(s) | Cliente: Rafael José Bettiol;;CLIENTES DIVERSOS;2598
13/01/2025;Pgto de serviço(s) realizado(s) | Cliente: Fagundes Odontologia Integrada;;CLIENTES DIVERSOS;663
13/01/2025;Pgto de serviço(s) realizado(s) | Cliente: Fagundes Odontologia Integrada;;CLIENTES DIVERSOS;764,2
13/01/2025;Pgto de serviço(s) realizado(s) | Cliente: Fagundes Odontologia Integrada;;CLIENTES DIVERSOS;953,6
13/01/2025;Pgto de serviço(s) realizado(s) | Cliente: Fagundes Odontologia Integrada;;CLIENTES DIVERSOS;3198,8
13/01/2025;DÉBITO TARIFA DE COBRANÇA COMPE;;JUROS E COMISSÕES BANCÁRIAS;-7,6
13/01/2025;URGTEC CONSULTORIA E TREINAMENTO LTDA| PGTO REF RENOVAÇÃO LABFACIL;;SOFTWARES;-458,4
13/01/2025;BAUER TRANSPORTES LTDA| 1267574-7 PGTO REF FRETES E DESPACHOS;;FRETES;-187,96
13/01/2025;VEX TELECOMINICAÇÕES LTDA| PGTO REF INTERNET PRO LABORE;;VINICIUS SCAPINI;-119,9
13/01/2025;ULTRATELECOM PROVEDORA DE INTERNET EIRELI| PGTO REF PLANO INTERNET+TELEFONE FIXO;;TELEFONE;-149,99
13/01/2025;RD GESTAO E SISTEMAS S. A| PGTO REF GESTAO;;SERVIÇOS PRESTADOS POR TERCEIROS;-59,49
13/01/2025;DENTALSHOP PROD ODONTOLOGICOS LTDA| PGTO REF MP NFe 736155/1;;FORNECEDORES A PAGAR;-840,6
13/01/2025;DENTALSHOP PROD ODONTOLOGICOS LTDA| PGTO REF MP NFe 775747/1;;FORNECEDORES A PAGAR;-365,68
13/01/2025;CEPTIOM| PGTO REF MP NFe 9440;;FORNECEDORES A PAGAR;-273,77
13/01/2025;DENTAL ITA| PGTO REF MC NFe 228331;;FORNECEDORES A PAGAR;-517,3
15/01/2025;Pgto de serviço(s) realizado(s) | Cliente: Clínica Odonto Mais Vida SS Ltda;;CLIENTES DIVERSOS;598
15/01/2025;Transf. |Origem:BANCO UNICRED 165099-8-Destino:BANCO UNICRE TRANSF DE UNI PJ PARA UNI FISI;;VINICIUS SCAPINI;-1500
15/01/2025;INSTITUTO NACIONAL DA PROPRIEDADE| PGTO REF PROPRIEDADE DA MARCA;;TAXAS DIVERSAS;-298
15/01/2025;PLADISA PLANOS DE SAÚDE LTDA| PGTO REF PLANO SAUDE;;ASSISTENCIA MEDICA E SOCIAL;-2765,81
15/01/2025;CLAUDIO - ELETRICISTA| PGTO REF REPAROS ELETRICOS TROCA LED;;SERVIÇOS PRESTADOS POR TERCEIROS;-100
15/01/2025;EFETIVA PREMIUM CERTIFICADO DIGITAL LTDA| PGTO REF CERTIFICADO DIGITAL;;TAXAS DIVERSAS;-220
15/01/2025;CELESC DISTRIBUIÇÃO S.A.| PGTO REF ENERGIA ELETRICA;;ENERGIA ELÉTRICA;-1091,83
15/01/2025;MIDIA LED PAINEIS LTDA ME| PGTO REF MARQUETING;;MARKETING E PUBLICIDADE;-2000
16/01/2025;Pgto de serviço(s) realizado(s) | Cliente: Camila Mattos Menegazzo Duarte;;CLIENTES DIVERSOS;936
16/01/2025;MULTI - LM COMERIO E DISTRB DE UTILIDADES| OGTO REF MATERIAL DE ESCRITORIO;;MATERIAL DE ESCRITÓRIO;-63,39
17/01/2025;Transf. |Origem:CAIXA FISICA-Destino:BANCO UNICRED 165099-8 TRANSF DE CAIXA FISICO P/ PJ U;;CAIXA GERAL;2500
17/01/2025;Transf. |Origem:CAIXA FISICA-Destino:BANCO UNICRED 165099-8 TRANSF DE CAIXA FISICO P/ UNIC;;CAIXA GERAL;1000
17/01/2025;Transf. |Origem:CAIXA FISICA-Destino:BANCO UNICRED 165099-8 TRANSF DE CAIXA FISICO PARA UN;;CAIXA GERAL;3000
17/01/2025;Transf. |Origem:CAIXA FISICA-Destino:BANCO UNICRED 165099-8 TRANSF DE CAIXA FISICO P/ UNIC;;CAIXA GERAL;950
17/01/2025;Transf. |Origem:CAIXA FISICA-Destino:BANCO UNICRED 165099-8 TRANSF DE CAIXA FISICO P/ UNIC;;CAIXA GERAL;500
17/01/2025;Pgto de serviço(s) realizado(s) | Cliente: Oral Unic Implantes;;CLIENTES DIVERSOS;3758,01
17/01/2025;JUROS E MULTA BOLETO ORAL UNIC;;JUROS E COMISSÕES BANCÁRIAS;40,27
17/01/2025;DEBITO DE CUSTAS DE CARTORIO ( BOLETO KARINA BADALOTTI Nº 243224 );;DESPESAS LEGAIS E JUDICIAIS;-381,51
17/01/2025;CELMAT - JDG COMERCIO DE PRODUTOS ODONTOLOGICOS LTDA | PGTO REF MP NFe 2347;;FORNECEDORES A PAGAR;-2125
17/01/2025;DÉBITO TARIFA DE COBRANÇA INSTRUÇÕES;;JUROS E COMISSÕES BANCÁRIAS;-1,9
17/01/2025;DEBITO TARIFA DE COBRANCA;;JUROS E COMISSÕES BANCÁRIAS;-10,05
17/01/2025;Pgto de serviço(s) realizado(s) | Cliente: Rafaela Pagliosa Winter;;CLIENTES DIVERSOS;739
17/01/2025;DEBITO TARIFA DE COBRANCA;;JUROS E COMISSÕES BANCÁRIAS;-1,06
17/01/2025;FABIANA KEMER PANDOLPHO| VALE (ADIANTAMENTO DE SALARIO);;SALÁRIOS E ORDENADOS A PAGAR;-400
20/01/2025;MINISTERIO DA FAZENDA - CGSN| PGTO REF SIMPLES NACIONAL;;SIMPLES NACIONAL A RECOLHER;-6137,78
20/01/2025;CELMAT - JDG COMERCIO DE PRODUTOS ODONTOLOGICOS LTDA | PGTO REF MP NFe 2554;;FORNECEDORES A PAGAR;-837
20/01/2025;DENTALSHOP PROD ODONTOLOGICOS LTDA| PGTO REF MP NFe 739450/1;;FORNECEDORES A PAGAR;-559,3
20/01/2025;DENTALSHOP PROD ODONTOLOGICOS LTDA| PGTO REF MP NFe 769000/1;;FORNECEDORES A PAGAR;-501,67
20/01/2025;MINISTÉRIO DA FAZENDA - SECRETARIA DA RECEITA FEDERAL DO BR| PGTO REF FGTS;;FGTS A RECOLHER;-2098,77
20/01/2025;MINISTÉRIO DA FAZENDA - SECRETARIA DA RECEITA FEDERAL DO BR| PGTO REF INSS + DARF;;INSS A RECOLHER;-2589,13
20/01/2025;Pgto de serviço(s) realizado(s) | Cliente: Clinica Sorria Mais Implantes;;CLIENTES DIVERSOS;2599
21/01/2025;BESSER PRODUTOS ODONTOLOGICOS| PGTO REF NFe 01157;;FORNECEDORES A PAGAR;-612,62
21/01/2025;CEPTIOM| PGTO REF MP NFe 9440;;FORNECEDORES A PAGAR;-266,75
21/01/2025;DÉBITO TARIFA DE COBRANÇA COMPE;;JUROS E COMISSÕES BANCÁRIAS;-3,8
22/01/2025;Pgto de serviço(s) realizado(s) | Cliente: Monalise Lazzari;;CLIENTES DIVERSOS;3365
22/01/2025;Pgto de serviço(s) realizado(s) | Cliente: Fagundes Odontologia Integrada;;CLIENTES DIVERSOS;624,8
22/01/2025;DEBITO CUSTAS GRAVACAO ELETRONICA;;TAXAS DIVERSAS;-9,19
22/01/2025;DEBITO TARIFA DE COBRANCA;;JUROS E COMISSÕES BANCÁRIAS;-10,05
22/01/2025;MAG Seguros Seguros e Previdência S.A| PGTO REF SEGURO DE VIDA;;SEGUROS;-283,77
22/01/2025;AJUSTE DE SALDO;;VALORES A VERIFICAR;2,12
23/01/2025;JJGC INDUSTRIA E COMERCIO DE MATERIAIS DENTARIOS S.A| PGTO REF MC NFe 238932;;FORNECEDORES A PAGAR;-229,25
27/01/2025;H2T COMERCIO DE PRODUTOS E EQUIPAMENTOS LTDA ME| PGTO REF MP;;FORNECEDORES A PAGAR;-687,5
27/01/2025;MAYPER CONTADORES ASSOCIADOS LTDA| PGTO REF HONORARIOS CONTABEIS;;ASSISTÊNCIA CONTÁBIL;-850
27/01/2025;BAUER TRANSPORTES LTDA| 12742665 PGTO REF FRETES E DESPACHOS;;FRETES;-137,35
27/01/2025;JJGC INDUSTRIA E COMERCIO DE MATERIAIS DENTARIOS S.A| PGTO REF MC NFe 000135711;;FORNECEDORES A PAGAR;-374,42
27/01/2025;BESSER PRODUTOS ODONTOLOGICOS| PGTO REF MP NFe 769032;;FORNECEDORES A PAGAR;-376,63
28/01/2025;RD GESTAO E SISTEMAS S. A| PGTO REF GESTAO DE SISTEMAS;;SERVIÇOS PRESTADOS POR TERCEIROS;-60
28/01/2025;DENTALSHOP PROD ODONTOLOGICOS LTDA| PGTO REF MP NFe 761429/1;;FORNECEDORES A PAGAR;-331,81
28/01/2025;Transf. |Origem:APLICAÇÃO FINANCEIRA-Destino:BANCO UNICRED 165099-8 RESGATE APLICACAO FINA;;APLICAÇÃO UNICRED;12100,11
28/01/2025;Pgto de serviço(s) realizado(s) | Cliente: Alexssandra George;;CLIENTES DIVERSOS;630
29/01/2025;CEPTIOM| PGTO REF MC NFe 9355;;FORNECEDORES A PAGAR;-350
31/01/2025;DENTALSHOP PROD ODONTOLOGICOS LTDA| PGTO REF MP NFe 774315/1;;FORNECEDORES A PAGAR;-325,26
31/01/2025;LUGANO CAFÉ CN| PGTO CAFÉ;;COPA E COZINHA;-29,8
31/01/2025;DEBITO CUSTAS GRAVACAO ELETRONICA;;TAXAS DIVERSAS;-9,19
31/01/2025;DEBITO TARIFA DE COBRANCA;;JUROS E COMISSÕES BANCÁRIAS;-10,05
31/01/2025;DEBITO CUSTAS GRAVACAO ELETRONICA;;TAXAS DIVERSAS;-9,19
31/01/2025;Pgto de serviço(s) realizado(s) | Cliente: Oral Unic Implantes;;CLIENTES DIVERSOS;7519,42
31/01/2025;Pgto de serviço(s) realizado(s) | Cliente: Oral Unic Implantes;;CLIENTES DIVERSOS;8531,27
31/01/2025;DÉBITO TARIFA DE COBRANÇA COMPE;;JUROS E COMISSÕES BANCÁRIAS;-1,9
31/01/2025;DEBITO TARIFA DE COBRANCA;;JUROS E COMISSÕES BANCÁRIAS;-10,05
31/01/2025;Transf. |Origem:BANCO UNICRED 165099-8-Destino:APLICAÇÃO APLICACAO FINANCEIRA;;APLICAÇÃO UNICRED;-12100,11
31/01/2025;SURYA DENTAL COM.PRO.ODONT.E FARM. S/A| PGTO REF MP NFe 2392211;;FORNECEDORES A PAGAR;-583,1
31/01/2025;JUROS E MULTA BOLETO ORAL UNIC;;JUROS E COMISSÕES BANCÁRIAS;193,87
03/02/2025;Pgto de serviço(s) realizado(s) | Cliente: Ama Odontologia LTDA;;CLIENTES DIVERSOS;307
03/02/2025;Pgto de serviço(s) realizado(s) | Cliente: Cibeli Pilati;;CLIENTES DIVERSOS;745,15
04/02/2025;G4 EDUCACAO LTDA| PGTO REF CURSO GESTAO (cartao);;CURSOS E TREINAMENTOS;-2491,74
04/02/2025;DARLOS SOARES| PGTO REF CURSO DE GESSO (CARTAO);;CURSOS E TREINAMENTOS;-275,36
04/02/2025;MOMENTUS WINE BAGS| PGTO REF EMBALAGENS PRESENTE CLIENTES (CARTAO);;INSUMOS;-576,71
04/02/2025;VINICULA PANCERI| PGTO REF VINHOS BRINDES CLIENTES (CARTAO);;BRINDES P/ CLIENTES;-1050
04/02/2025;THAIS CARLA DE SOUZA| PGTO REF ROTULOS VINHOS (CARTAO);;CONFRATERNIZAÇÕES E BRINDES;-168,42
04/02/2025;EXACT SALES SOFTWARE| PGTO REF ATUALIZAÇÃO SOFTWARE(CARTAO);;SOFTWARES;-2343
04/02/2025;OS3PORCENTO CONSULTORIA| PGTO REF CONSULTORIA(CARTAO);;SERVIÇOS PRESTADOS POR TERCEIROS;-1918,31
04/02/2025;MULTI - LM COMERIO E DISTRB DE UTILIDADES| PGTO REF MATERIAL DE ESCRITORIO(CARTAO);;MATERIAL DE ESCRITÓRIO;-99,99
04/02/2025;CENTRO NOVO COMERCIO| PGTO REF COMBUSTIVEL(CARTAO);;COMBUSTÍVEL;-88,05
04/02/2025;SUPERVISA SUPERMERCADOS LTDA| PGTO REF MATERIAL DE COPA E COZINHA(CARTAO);;COPA E COZINHA;-60,25
04/02/2025;SUPERVISA SUPERMERCADOS LTDA| PGTO REF MATERIAL COPA E COZINHA(CARTAO);;COPA E COZINHA;-7,99
30/01/2025;VOLNEI DE OLIVEIRA| PGTO REF VALE;;SALÁRIOS E ORDENADOS A PAGAR;-400
04/02/2025;USIART INDUSTRIA C M LTDA ME| PGTO REF MC NFe 05941;;FORNECEDORES A PAGAR;-379
04/02/2025;GERALDO CARQUEIJO - CERA PARA ESCULTURA| PGTO REF CERAS RAINBOW;;INSUMOS;-277
04/02/2025;OSNI BOING & CIA LTDA;;MATERIAL DE HIGIENE E LIMPEZA;-2675
04/02/2025;VALMIR ANTONIO PESSOLI| PGTO REF SOLDA (TERCERIZADA METAL);;TERCEIRIZAÇÃO DA PRODUÇÃO;-20
05/02/2025;DENTALSHOP PROD ODONTOLOGICOS LTDA| PGTO REF MP NFe 734511/1;;FORNECEDORES A PAGAR;-1041,18
05/02/2025;DENTALSHOP PROD ODONTOLOGICOS LTDA| PGTO REF MP NFe 765100/1;;FORNECEDORES A PAGAR;-316,63
07/02/2025;EFF DENTAL COMPONENTES LTDA - FILIAL| PGTO REF MP NFe 104141/6;;FORNECEDORES A PAGAR;-601,3
07/02/2025;CELMAT - JDG COMERCIO DE PRODUTOS ODONTOLOGICOS LTDA | PGTO REF NFe 2530;;FORNECEDORES A PAGAR;-1876,32
07/02/2025;PAULA REGINA BUGANÇA| PGTO REF SALARIO FIXO JANEIRO;;SALÁRIOS E ORDENADOS A PAGAR;-1293,31
07/02/2025;JOSE CAZUNI DO AMARAL| PGTO REF SALARIO FIXO JANEIRO;;SALÁRIOS E ORDENADOS A PAGAR;-1486,13
07/02/2025;WILLAMIS JOSE DO NASCIMENTO SILVA| PGTO REF SALARIO FIXO JANEIRO;;SALÁRIOS E ORDENADOS A PAGAR;-1488,42
07/02/2025;FABIANA KEMER PANDOLPHO| PGTO REF ALARIO FIXO JANEIRO;;SALÁRIOS E ORDENADOS A PAGAR;-1535,78
07/02/2025;ELAINE BLOOT BASEI| PGTO REF SALARIO FIXO JANEIRO;;SALÁRIOS E ORDENADOS A PAGAR;-2061,9
07/02/2025;PAULA REGINA BUGANÇA| PGTO REF SALARIO FIXO JANEIRO;;SALÁRIOS E ORDENADOS A PAGAR;-1920,18
07/02/2025;Estorno C.P. Pgto: 07/02/2025 PAULA REGINA BUGANÇA;;SALÁRIOS E ORDENADOS A PAGAR;1293,31
07/02/2025;VOLNEI DE OLIVEIRA| PGTO REF SALARIO FIXO JANEIRO;;SALÁRIOS E ORDENADOS A PAGAR;-1293,31
07/02/2025;ESSENTIAL IMPORTACAO E COM DE PROD ODONTOLOGICOS LTDA| PGTO REF MP NFe 001634;;FORNECEDORES A PAGAR;-2580
07/02/2025;ODONTOVILLE H2T COMERCIO DE PRODUTOS E EQUIPMANETOS LTDA ME| PGTO REF MP NFe 033489;;FORNECEDORES A PAGAR;-1383,85
07/02/2025;Transf. |Origem:BANCO UNICRED 1651013 F-Destino:BANCO UNICRED 165099-8 TRANSF DE UNICRED F;;VINICIUS SCAPINI;2100
07/02/2025;AJUSTE DE SALDO;;VALORES A VERIFICAR;3,58
07/02/2025;DEBITO CUSTAS GRAVACAO ELETRONICA;;TAXAS DIVERSAS;-9,19
07/02/2025;Transf. |Origem:BANCO UNICRED 1651013 F-Destino:BANCO UNICRED 165099-8 TRANSF DE UNICRED F;;VINICIUS SCAPINI;100
10/02/2025;DEBITO TARIFA DE COBRANCA;;JUROS E COMISSÕES BANCÁRIAS;-10,05
10/02/2025;DENTALSHOP PROD ODONTOLOGICOS LTDA| PGTO REF MP NFe 777488/1;;FORNECEDORES A PAGAR;-346,5
10/02/2025;DENTALSHOP PROD ODONTOLOGICOS LTDA| PGTO REF MP NFe 746357/5;;FORNECEDORES A PAGAR;-413,17
10/02/2025;URGTEC CONSULTORIA E TREINAMENTO LTDA| PGTO REF RENOVAÇÃO LABFACIL;;SOFTWARES;-449
10/02/2025;ULTRATELECOM PROVEDORA DE INTERNET EIRELI| PGTO REF PLANO INTERNET+TELEFONE FIXO;;TELEFONE;-149,99
10/02/2025;H2T COMERCIO DE PRODUTOS E EQUIPAMENTOS LTDA ME| PGTO REF MP NFe 033745;;FORNECEDORES A PAGAR;-485
11/02/2025;Pgto de serviço(s) realizado(s) | Cliente: Fagundes Odontologia Integrada;;CLIENTES DIVERSOS;663,2
11/02/2025;Pgto de serviço(s) realizado(s) | Cliente: Renata Machado;;CLIENTES DIVERSOS;779
11/02/2025;Pgto de serviço(s) realizado(s) | Cliente: Fagundes Odontologia Integrada;;CLIENTES DIVERSOS;953,6
11/02/2025;Pgto de serviço(s) realizado(s) | Cliente: Oral Unic Implantes;;CLIENTES DIVERSOS;7641,61
11/02/2025;JUROS E MULTAS BOLETO ORAL UNIC;;JUROS E COMISSÕES BANCÁRIAS;63,68
11/02/2025;BAUER TRANSPORTES LTDA| 1285960-1 PGTO REF FRETES E DESPACHOS;;FRETES;-140,97
11/02/2025;BAUER TRANSPORTES LTDA| 1279301-4 PGTO REF FRETES E DESPACHOS;;FRETES;-187,96
11/02/2025;DENTALSHOP PROD ODONTOLOGICOS LTDA| PGTO REF MP NFe 736155/1;;FORNECEDORES A PAGAR;-840,6
12/02/2025;DÉBITO TARIFA DE COBRANÇA COMPE;;JUROS E COMISSÕES BANCÁRIAS;-7,6
12/02/2025;Pgto de serviço(s) realizado(s) | Cliente: Rafaela Pagliosa Winter;;CLIENTES DIVERSOS;876
12/02/2025;Pgto de serviço(s) realizado(s) | Cliente: Karina Badalotti;;CLIENTES DIVERSOS;3022,5
12/02/2025;DEBITO CUSTAS GRAVACAO ELETRONICA;;TAXAS DIVERSAS;-9,19
12/02/2025;DEBITO CUSTAS GRAVACAO ELETRONICA;;TAXAS DIVERSAS;-9,19
12/02/2025;Pgto de serviço(s) realizado(s) | Cliente: Fagundes Odontologia Integrada;;CLIENTES DIVERSOS;764,2
13/02/2025;BAUER TRANSPORTES LTDA| 1284016-1 PGTO REF FRETES E DESPACHOS;;FRETES;-192,35
13/02/2025;BLUEDENT - ADRIANA PAULA T.I. GOMES IMPORTACAO E EXPORTACAO| PGTO REF MP NFe 10593;;FORNECEDORES A PAGAR;-525
13/02/2025;DEBITO TARIFA DE COBRANCA;;JUROS E COMISSÕES BANCÁRIAS;-20,1
13/02/2025;Transf. |Origem:CAIXA FISICA-Destino:BANCO UNICRED 165099-8 TRANSF DE CX FISICA P/ UNI PJ;;CAIXA GERAL;10650
13/02/2025;Pgto de serviço(s) realizado(s) | Cliente: Clinica Sorria Mais Implantes;;CLIENTES DIVERSOS;7860
13/02/2025;ANDREZA VERGINIA SOUSA DA SILVA | PGTO REF COMPRA DE LIXAS;;INSUMOS;-42
14/02/2025;Pgto de serviço(s) realizado(s) | Cliente: Andrea Bresola;;CLIENTES DIVERSOS;4000
14/02/2025;MINISTÉRIO DA FAZENDA - SECRETARIA DA RECEITA FEDERAL DO BR| PGTO REF FGTS;;FGTS A RECOLHER;-1320,17
14/02/2025;FABIANA KEMER PANDOLPHO| PGTO REF VALE (ADIANTAMENTO DE SALARIO);;SALÁRIOS E ORDENADOS A PAGAR;-200
14/02/2025;VOLNEI DE OLIVEIRA| PGTO REF VALE (ADIANTAMENTO DE SALARIO);;SALÁRIOS E ORDENADOS A PAGAR;-600
14/02/2025;ISABELLY ANDRADE DE ABREU LUGOVET| Prestação de Serviços de SDR para Scapini Dental Desi;;SERVIÇOS PRESTADOS POR TERCEIROS;-2700
17/02/2025;Pgto de serviço(s) realizado(s) | Cliente: Camila Mattos Menegazzo Duarte;;CLIENTES DIVERSOS;207
17/02/2025;CELMAT - JDG COMERCIO DE PRODUTOS ODONTOLOGICOS LTDA | PGTO REF MP NFe 2554;;FORNECEDORES A PAGAR;-837
17/02/2025;MIDIA LED PAINEIS LTDA ME| PGTO REF MARQUETING;;MARKETING E PUBLICIDADE;-2000
17/02/2025;DENTALSHOP PROD ODONTOLOGICOS LTDA| PGTO REF MP NFe 769000/1;;FORNECEDORES A PAGAR;-501,67
17/02/2025;CELESC DISTRIBUIÇÃO S.A.| PGTO REF ENERGIA ELETRICA;;ENERGIA ELÉTRICA;-739,04
17/02/2025;PLADISA PLANOS DE SAÚDE LTDA| PGTO REF PLANO SAUDE;;ASSISTENCIA MEDICA E SOCIAL;-3176,33
17/02/2025;LA CN INFORMATICA LTDA ME| PGTO REF DESBLOQUEIO RELÓGIO;;SERVIÇOS PRESTADOS POR TERCEIROS;-50
17/02/2025;ISABELLY ANDRADE DE ABREU LUGOVET| Exploração de escritórios virtuais e congêneres;;SERVIÇOS PRESTADOS POR TERCEIROS;-100
18/02/2025;SUPERVISA SUPERMERCADOS LTDA| PGTO REF PRODUTOS COPA E COZINHA (CARTAO);;COPA E COZINHA;-65,97
18/02/2025;Pgto de serviço(s) realizado(s) | Cliente: Magali Parizzi;;CLIENTES DIVERSOS;600
18/02/2025;DÉBITO TARIFA DE COBRANÇA COMPE;;JUROS E COMISSÕES BANCÁRIAS;-1,9
18/02/2025;JUROS E MULTA BOLETO MAGALI PARIZZI;;JUROS E COMISSÕES BANCÁRIAS;15,78
19/02/2025;DENTALSHOP PROD ODONTOLOGICOS LTDA| PGTO REF MP NFe 739450/1;;FORNECEDORES A PAGAR;-559,3
19/02/2025;DENTALSHOP PROD ODONTOLOGICOS LTDA| PGTO REF MP NFe 775747/1;;FORNECEDORES A PAGAR;-357,45
19/02/2025;Transf. |Origem:BANCO UNICRED 165099-8-Destino:BANCO UNICRE TRANSF DE UNI PJ PARA UNI FISI;;VINICIUS SCAPINI;-100
19/02/2025;CN EMBALAGENS| PGTO REF ADESIVO TEKBOND+ADESIVO INSTANTANIO;;INSUMOS;-22,8
20/02/2025;MAG Seguros Seguros e Previdência S.A| PGTO REF SEGURO DE VIDA;;SEGUROS;-283,77
20/02/2025;MINISTERIO DA FAZENDA - CGSN| PGTO REF SIMPLES NACIONAL;;SIMPLES NACIONAL A RECOLHER;-5453,3
20/02/2025;MINISTÉRIO DA FAZENDA - SECRETARIA DA RECEITA FEDERAL DO BR| PGTO REF INSS + DARF;;INSS A RECOLHER;-2257,92
20/02/2025;DENTALSHOP PROD ODONTOLOGICOS LTDA| PGTO REF MP NFe 787316;;FORNECEDORES A PAGAR;-379,8
20/02/2025;ISO - INSTITUTO DE SAUDE OCUPACIONAL| PGTO REF EXAMES DEMISSIONAIS;;ASSISTENCIA MEDICA E SOCIAL;-90
20/02/2025;CEPTIOM| PGTO REF MP NFe 9440;;FORNECEDORES A PAGAR;-266,75
20/02/2025;BESSER PRODUTOS ODONTOLOGICOS| PGTO REF NFe 01157;;FORNECEDORES A PAGAR;-612,62
20/02/2025;MULTI - LM COMERIO E DISTRB DE UTILIDADES| PGTO REF COLA PERMANENTE;;INSUMOS;-21,98
21/02/2025;Pgto de serviço(s) realizado(s) | Cliente: Fagundes Odontologia Integrada;;CLIENTES DIVERSOS;624,8
21/02/2025;SIN - SISTEMAS DE IMPLANTES| PGTO REF NFe 3980;;INSUMOS;-208,4
21/02/2025;DÉBITO TARIFA DE COBRANÇA COMPE;;JUROS E COMISSÕES BANCÁRIAS;-1,9
21/02/2025;FABIANA KEMER PANDOLPHO| Vale Adiantamento de Salario;;SALÁRIOS E ORDENADOS A PAGAR;-250
21/02/2025;ANDREZA VERGINIA SOUSA DA SILVA | Vale Adiantamento de Salario;;SALÁRIOS E ORDENADOS A PAGAR;-350
21/02/2025;VOLNEI DE OLIVEIRA| Vale Adiantamento de Salario;;SALÁRIOS E ORDENADOS A PAGAR;-500
21/02/2025;CN EMBALAGENS| PGTO REF PAPEL PARDO;;INSUMOS;-205
24/02/2025;JJGC INDUSTRIA E COMERCIO DE MATERIAIS DENTARIOS S.A| PGTO REF MC NFe 238932;;FORNECEDORES A PAGAR;-229,25
24/02/2025;Transf. |Origem:APLICAÇÃO FINANCEIRA-Destino:BANCO UNICRED 165099-8 RESGATE APLICACAO FINA;;APLICAÇÃO UNICRED;24213,2
24/02/2025;MULTI - LM COMERIO E DISTRB DE UTILIDADES| PGTO REF MATERIAL DE ESCRITORIO;;MATERIAL DE ESCRITÓRIO;-45,18
24/02/2025;Transf. |Origem:BANCO UNICRED 165099-8-Destino:APLICAÇÃO APLICACAO FINANCEIRA;;APLICAÇÃO UNICRED;-24214
25/02/2025;MULTI - LM COMERIO E DISTRB DE UTILIDADES| PGTO REF PINCEIS;;INSUMOS;-7,79
25/02/2025;MR H BIJUTERIAS LTDA (CHINGLING)| PGTO REF MATERIAL DE ESCRITORIO;;MATERIAL DE ESCRITÓRIO;-26
25/02/2025;PIX VERGINIA (COMPRA PARTICULAR);;MATERIAL DE ESCRITÓRIO;18
25/02/2025;MAYPER CONTADORES ASSOCIADOS LTDA| PGTO REF HONORARIOS CONTABEIS;;ASSISTÊNCIA CONTÁBIL;-850
25/02/2025;Ricardo Threiss Assistência Técnica Ltda ME| PGTO REF ENTRADA CONCERTO FORNO;;MANUTENÇÕES E REPAROS;-236
26/02/2025;BAUER TRANSPORTES LTDA| 1295820-0;;FRETES;-661,02
26/02/2025;JJGC INDUSTRIA E COMERCIO DE MATERIAIS DENTARIOS S.A| PGTO REF MC NFe 000135711;;FORNECEDORES A PAGAR;-374,4
26/02/2025;DENTALSHOP PROD ODONTOLOGICOS LTDA| PGTO REF MP NFe 761429/1;;FORNECEDORES A PAGAR;-331,81
26/02/2025;BAUER TRANSPORTES LTDA| 1291924-7 PGTO REF FRETES E DESPACHOS;;FRETES;-46,99
27/02/2025;BLUEDENT - ADRIANA PAULA T.I. GOMES IMPORTACAO E EXPORTACAO| PGTO REF MP NFe 10593;;FORNECEDORES A PAGAR;-423
27/02/2025;RD GESTAO E SISTEMAS S. A| PGTO REF GESTAO DE SISTEMAS;;SERVIÇOS PRESTADOS POR TERCEIROS;-60
27/02/2025;JJGC INDUSTRIA E COMERCIO DE MATERIAIS DENTARIOS S.A| PGTO REF NFe 138683;;FORNECEDORES A PAGAR;-218
27/02/2025;SURYA DENTAL COM.PRO.ODONT.E FARM. S/A| PGTO REF MP NFe 2392211;;FORNECEDORES A PAGAR;-583,1
27/02/2025;Transf. |Origem:CAIXA FISICA-Destino:BANCO UNICRED 165099-8 TRANSF DE CAIXA FISICA P/ UNIC;;CAIXA GERAL;1000
27/02/2025;DEBITO CUSTAS GRAVACAO ELETRONICA;;TAXAS DIVERSAS;-9,19
27/02/2025;Pgto de serviço(s) realizado(s) | Cliente: Oral Unic Implantes;;CLIENTES DIVERSOS;1130,88
28/02/2025;Pgto de serviço(s) realizado(s) | Cliente: Oral Unic Implantes;;CLIENTES DIVERSOS;8531,27
28/02/2025;DÉBITO TARIFA DE COBRANÇA COMPE (;;JUROS E COMISSÕES BANCÁRIAS;-1,9
28/02/2025;PREF MUNI CAMPOS NOVOS / FUNREBOM| PGTO REF ALVARA DE FUNCIONAMENTO;;TAXAS DIVERSAS;-1017,96
28/02/2025;SAQUE ATM - CARTÃO VISA (;;CAIXA GERAL;-2050
28/02/2025;Pgto de serviço(s) realizado(s) | Cliente: Andrea Bresola;;CLIENTES DIVERSOS;4000
28/02/2025;VALE (ADIANTAMENTO DE SALARIO)|0216 FABIANA KEMER PANDOLPHO;;SALÁRIOS E ORDENADOS A PAGAR;-350
28/02/2025;PAULA REGINA BUGANÇA| VALE (ADIANTAMENTO DE SALARIO);;SALÁRIOS E ORDENADOS A PAGAR;-650
28/02/2025;ELAINE BLOOT BASEI| VALE (ADIANTAMENTO DE SALARIO);;SALÁRIOS E ORDENADOS A PAGAR;-650
28/02/2025;ANDREZA VERGINIA SOUSA DA SILVA | VALE (ADIANTAMENTO DE SALARIO);;SALÁRIOS E ORDENADOS A PAGAR;-650
28/02/2025;DEBITO TARIFA DE COBRANCA;;JUROS E COMISSÕES BANCÁRIAS;-10,05
05/03/2025;DÉBITO TARIFA DE COBRANÇA COMPE;;JUROS E COMISSÕES BANCÁRIAS;-1,9
05/03/2025;SURYA DENTAL COM.PRO.ODONT.E FARM. S/A| PGTO REF MP NFe 3616;;FORNECEDORES A PAGAR;-383,17
05/03/2025;DENTALSHOP PROD ODONTOLOGICOS LTDA| PGTO REFM MP NFe 79014;;FORNECEDORES A PAGAR;-571,59
05/03/2025;EXPRESSO SÃO MIGUEL LTDA| PGTO REF FRETES E DESPACHOS;;FRETES;-72,29
05/03/2025;Pgto de serviço(s) realizado(s) | Cliente: Oral Unic Implantes;;CLIENTES DIVERSOS;3758,01
05/03/2025;DEBITO CUSTAS GRAVACAO ELETRONICA;;TAXAS DIVERSAS;-9,19
05/03/2025;Pgto de serviço(s) realizado(s) | Cliente: Marina Sprandel;;CLIENTES DIVERSOS;226
05/03/2025;G4 EDUCACAO LTDA| PGTO REF CURSO GESTAO (cartao);;CURSOS E TREINAMENTOS;-2491,66
05/03/2025;DARLOS SOARES| PGTO REF CURSO DE GESSO (CARTAO);;CURSOS E TREINAMENTOS;-275,36
05/03/2025;VINICULA PANCERI| PGTO REF VINHOS BRINDES CLIENTES (CARTAO);;BRINDES P/ CLIENTES;-1050
05/03/2025;EXACT SALES SOFTWARE| PGTO REF SOFTWERE (CARTAO);;SOFTWARES;-2343
05/03/2025;OS3PORCENTO CONSULTORIA| PGTO REF CONSULTORIA (CARTAO);;CURSOS E TREINAMENTOS;-1918,31
05/03/2025;MULTI - LM COMERIO E DISTRB DE UTILIDADES| PGTO REF COMPRA PINCEL(CARTAO);;INSUMOS;-13
06/03/2025;TARIFA TITULO BAIXADO DECURSO PRAZO;;TAXAS DIVERSAS;-3,51
06/03/2025;LA CN INFORMATICA LTDA ME| PGTO REF RENOVAÇÃO LICENÇA RELOGIO PONTO SECULLUN;;SERVIÇOS PRESTADOS POR TERCEIROS;-445
06/03/2025;REDE DE POSTOS R4| PGTO REF ABASTECIMENTO (JOANA);;COMBUSTÍVEL;-197,91
06/03/2025;DEBITO TARIFA DE COBRANCA;;JUROS E COMISSÕES BANCÁRIAS;-10,05
06/03/2025;CLAUDIO - ELETRICISTA| PGTO REF TROCA DE LÂMPADA;;SERVIÇOS PRESTADOS POR TERCEIROS;-95
06/03/2025;Pgto de serviço(s) realizado(s) | Cliente: Autence Odontologia e Estetica Avançada;;CLIENTES DIVERSOS;544
10/03/2025;Pgto de serviço(s) realizado(s) | Cliente: Magali Parizzi;;CLIENTES DIVERSOS;620
10/03/2025;DÉBITO TARIFA DE COBRANÇA COMPE;;JUROS E COMISSÕES BANCÁRIAS;-1,9
10/03/2025;ESSENTIAL IMPORTACAO E COM DE PROD ODONTOLOGICOS LTDA| PGTO REF MP NFe 001634;;FORNECEDORES A PAGAR;-2450
10/03/2025;DENTALSHOP PROD ODONTOLOGICOS LTDA| PGTO REF MP NFe 746357/1;;FORNECEDORES A PAGAR;-413,17
10/03/2025;URGTEC CONSULTORIA E TREINAMENTO LTDA| PGTO REF RENOVAÇÃO LABFACIL;;SOFTWARES;-449
10/03/2025;PAULISTA TRANSPORTES| PGTO REF FRETES E DESPACHOS;;FRETES;-190
10/03/2025;ERSON LUIZ ALVES MACIEL (MOTOBOY)| PGTO REF FRETES E DESPACHOS;;FRETES;-448
10/03/2025;Pgto de serviço(s) realizado(s) | Cliente: Marina Sprandel;;CLIENTES DIVERSOS;198
10/03/2025;Pgto de serviço(s) realizado(s) | Cliente: Clínica Odonto Mais Vida SS Ltda;;CLIENTES DIVERSOS;2948
10/03/2025;Transf. |Origem:APLICAÇÃO FINANCEIRA-Destino:BANCO UNICRED 165099-8 TRANSF DE CONTA APLICA;;APLICAÇÃO UNICRED;14355,87
11/03/2025;TIAGO NASCIMENTO TESSER| PGTO REF FRETES;;FRETES;-7
11/03/2025;ODONTOVILLE H2T COMERCIO DE PRODUTOS E EQUIPMANETOS LTDA ME| PGTO REF MP NFe 033489;;FORNECEDORES A PAGAR;-1383,85
11/03/2025;SAQUE TERMINAL SAQUE/PAGUE;;CAIXA GERAL;-5000
11/03/2025;JOANA SCAPINI| PGTO REF ?;;VINICIUS SCAPINI;-7000
11/03/2025;Transf. |Origem:APLICAÇÃO FINANCEIRA-Destino:BANCO UNICRED 165099-8 TRANSF DE CONTA APLICA;;APLICAÇÃO UNICRED;11014,31
11/03/2025;JOANA SCAPINI| PGTO REF??;;VINICIUS SCAPINI;-2682
11/03/2025;CREDITO ACERTO TARIFA COBRANÇA;;JUROS E COMISSÕES BANCÁRIAS;3,51
11/03/2025;PAULA REGINA BUGANÇA| PGTO REF SALARIO FIXO (FEVEREIRO);;SALÁRIOS E ORDENADOS A PAGAR;-1799,24
11/03/2025;ELAINE BLOOT BASEI| PGTO REF SALARIO FIXO (FEVEREIRO);;SALÁRIOS E ORDENADOS A PAGAR;-2125,99
11/03/2025;JOSE CAZUNI DO AMARAL| PGTO REF SALARIO FIXO (FEVEREIRO);;SALÁRIOS E ORDENADOS A PAGAR;-1964,66
11/03/2025;VOLNEI DE OLIVEIRA| PGTO REF SALARIO FIXO (FEVEREIRO);;SALÁRIOS E ORDENADOS A PAGAR;-1090,32
11/03/2025;FABIANA KEMER PANDOLPHO| PGTO REF SALARIO FIXO (FEVEREIRO);;SALÁRIOS E ORDENADOS A PAGAR;-1448,96
11/03/2025;WILLAMIS JOSE DO NASCIMENTO SILVA| PGTO REF SALARIO FIXO (FEVEREIRO);;SALÁRIOS E ORDENADOS A PAGAR;-2093,87
11/03/2025;ANDREZA VERGINIA SOUSA DA SILVA | PGTO REF SALARIO FIXO (FEVEREIRO);;SALÁRIOS E ORDENADOS A PAGAR;-1073,12
11/03/2025;OSNI BOING & CIA LTDA;;MATERIAL DE HIGIENE E LIMPEZA;-3334,33
11/03/2025;BRUNO CAVICHON LTDA - DIGITAL CONCEPT LB| PGTO REF FRESAGEM DE BARRA TITANIO ATÉ 10MM E F;;TERCEIRIZAÇÃO DA PRODUÇÃO;-900
11/03/2025;ULTRATELECOM PROVEDORA DE INTERNET EIRELI| PGTO REF PLANO INTERNET+TELEFONE FIXO;;TELEFONE;-149,99
11/03/2025;TRANSF TEF PIX VINICIUS SCAPINI;;VINICIUS SCAPINI;-215
11/03/2025;Pgto de serviço(s) realizado(s) | Cliente: Fagundes Odontologia Integrada;;CLIENTES DIVERSOS;764,2
11/03/2025;Pgto de serviço(s) realizado(s) | Cliente: Fagundes Odontologia Integrada;;CLIENTES DIVERSOS;953,6
11/03/2025;DEBITO TARIFA DE COBRANÇA COMPE;;JUROS E COMISSÕES BANCÁRIAS;-3,8
11/03/2025;Pgto de serviço(s) realizado(s) | Cliente: Cibeli Pilati;;CLIENTES DIVERSOS;1735
11/03/2025;Pgto de serviço(s) realizado(s) | Cliente: Clinica Sorria Mais Implantes;;CLIENTES DIVERSOS;36206,8
11/03/2025;Pgto de serviço(s) realizado(s) | Cliente: Oral Unic Implantes;;CLIENTES DIVERSOS;549
11/03/2025;CAFER MATERIAIS DE CONSTRUCAO| PGTO REF ARRUELAS;;MANUTENÇÕES E REPAROS;-14
11/03/2025;Pgto de serviço(s) realizado(s) | Cliente: Renata Machado;;CLIENTES DIVERSOS;580
12/03/2025;BAUER TRANSPORTES LTDA| 0013079307 PGTO REF FRETES E DESPACHOS;;FRETES;-187,96
12/03/2025;BAUER TRANSPORTES LTDA| 1304374-4 PGTO REF FRETES E DESPACHOS;;FRETES;-140,97
12/03/2025;BAUER TRANSPORTES LTDA| 1301510-4 PGTO REF FRETES E DESPACHOS;;FRETES;-140,97
12/03/2025;DE CARLI EMBALAGENS E MATERIAIS DE LIMPEZA| PGTO REF MATERIAL DE HIGIENE E LIMPEZA;;MATERIAL DE HIGIENE E LIMPEZA;-290,2
12/03/2025;Pgto de serviço(s) realizado(s) | Cliente: Josiane Bonatto - ME;;CLIENTES DIVERSOS;573
12/03/2025;H2T COMERCIO DE PRODUTOS E EQUIPAMENTOS LTDA ME| PGTO REF MP NFe 034034;;FORNECEDORES A PAGAR;-720
12/03/2025;DÉBITO TARIFA DE COBRANÇA COMPE;;JUROS E COMISSÕES BANCÁRIAS;-1,9
12/03/2025;SERGIO DE MATOS| PGTO REF FRETES;;FRETES;-80
12/03/2025;Pgto de serviço(s) realizado(s) | Cliente: Oral Unic Implantes;;CLIENTES DIVERSOS;7641,61
12/03/2025;CUSTAS DE CARTÓRIO BOLETO ORAL UNIC;;DESPESAS LEGAIS E JUDICIAIS;68,77
12/03/2025;SPARTAN ELETRONICA E LUTHIERIA| PGTO REF CONSERTO ASPIRADOR;;MANUTENÇÕES E REPAROS;-90
12/03/2025;MINISTÉRIO DA FAZENDA - SECRETARIA DA RECEITA FEDERAL DO BR| PGTO REF ENCERRAMENTO FGTS V;;FGTS A RECOLHER;-3326,15
13/03/2025;Pgto de serviço(s) realizado(s) | Cliente: Fagundes Odontologia Integrada;;CLIENTES DIVERSOS;1458,4
13/03/2025;BLUEDENT - ADRIANA PAULA T.I. GOMES IMPORTACAO E EXPORTACAO| PGTO REF MP NFe 10593;;FORNECEDORES A PAGAR;-423
13/03/2025;DEBITO TARIFA DE COBRANCA;;JUROS E COMISSÕES BANCÁRIAS;-1,9
13/03/2025;VOLNEI DE OLIVEIRA| ACERTO RESCISÃO TRABALHISTA;;SALÁRIOS E ORDENADOS A PAGAR;-1539,24
14/03/2025;Pgto de serviço(s) realizado(s) | Cliente: Ana Beatriz Mores;;CLIENTES DIVERSOS;478
14/03/2025;SURYA DENTAL COM.PRO.ODONT.E FARM. S/A| PGTO REF MP NFe 002498202;;FORNECEDORES A PAGAR;-239,79
14/03/2025;DÉBITO TARIFA DE COBRANÇA COMPE;;JUROS E COMISSÕES BANCÁRIAS;-1,9
14/03/2025;SUPERVISA SUPERMERCADOS LTDA| PGTO REF CAFÉ E FILTRO;;COPA E COZINHA;-59,77
14/03/2025;MINISTÉRIO DA FAZENDA - SECRETARIA DA RECEITA FEDERAL DO BR| PGTO REF FGTS;;FGTS A RECOLHER;-1104,03
14/03/2025;MULTI - LM COMERIO E DISTRB DE UTILIDADES| PGTO REF MATERIAL DE ESCRITORIO;;MATERIAL DE ESCRITÓRIO;-39,99
14/03/2025;MR H BIJUTERIAS LTDA (CHINGLING)| PGTO REF MATEIAL DER ESCRITORIO (T);;MATERIAL DE ESCRITÓRIO;-8
14/03/2025;DEBITO CUSTAS GRAVACAO ELETRONICA;;TAXAS DIVERSAS;-9,19
14/03/2025;Pgto de serviço(s) realizado(s) | Cliente: Maycon Salmoria;;CLIENTES DIVERSOS;8726
14/03/2025;SPARTAN ELETRONICA E LUTHIERIA| PGTO REF COSNERTO VIBRADOR DE GESSO;;MANUTENÇÕES E REPAROS;-50
14/03/2025;FABIANA KEMER PANDOLPHO| PGTO REF VALE (ADIANTAMENTO DE SALARIO);;SALÁRIOS E ORDENADOS A PAGAR;-100
14/03/2025;JUROS E MULT BOLETO ORAL UNIC (5750-7);;JUROS E COMISSÕES BANCÁRIAS;49,83
15/03/2025;Pgto de serviço(s) realizado(s) | Cliente: Oral Unic Implantes;;CLIENTES DIVERSOS;5750
15/03/2025;Pgto de serviço(s) realizado(s) | Cliente: Camila Mattos Menegazzo Duarte;;CLIENTES DIVERSOS;2215,8
17/03/2025;DEBITO TARIFA DE COBRANCA;;JUROS E COMISSÕES BANCÁRIAS;-10,05
17/03/2025;INOVA PRO COM PROD ODONTOLOGICO LT ME| PGTO REF MC NFe 78634807;;FORNECEDORES A PAGAR;-185
17/03/2025;PLADISA PLANOS DE SAÚDE LTDA| PGTO REF PLANO SAUDE;;ASSISTENCIA MEDICA E SOCIAL;-2786,22
17/03/2025;CELESC DISTRIBUIÇÃO S.A.| PGTO REF ENERGIA ELETRICA;;ENERGIA ELÉTRICA;-882,73
17/03/2025;CELMAT - JDG COMERCIO DE PRODUTOS ODONTOLOGICOS LTDA | PGTO REF MP NFe 2554;;FORNECEDORES A PAGAR;-837
17/03/2025;SURYA DENTAL COM.PRO.ODONT.E FARM. S/A| PGTO REF MP NFe 5383;;FORNECEDORES A PAGAR;-281,25
17/03/2025;ISABELLY ANDRADE DE ABREU LUGOVET| PGTO REF Prestação de serviço SDR referente a feverei;;MANUTENÇÕES E REPAROS;-2950
17/03/2025;MINISTÉRIO DA FAZENDA - SECRETARIA DA RECEITA FEDERAL DO BR| PGTO REF ENCERRAMENTO FGTS W;;FGTS A RECOLHER;-1019,89
17/03/2025;WILLAMIS JOSE DO NASCIMENTO SILVA| PGTO REF RECISÃO TRABALHISTA;;SALÁRIOS E ORDENADOS A PAGAR;-2264,81
18/03/2025;Ricardo Threiss Assistência Técnica Ltda ME| PGTO REF COSNERTO FORNO;;MANUTENÇÕES E REPAROS;-236
18/03/2025;Transf. |Origem:BANCO UNICRED 165099-8-Destino:BANCO UNICRE TRANSFERENCIA TEF PIX ( Doc.:;;VINICIUS SCAPINI;-4000
18/03/2025;Pgto de serviço(s) realizado(s) | Cliente: Oral Unic Idaial LTDA;;CLIENTES DIVERSOS;392
18/03/2025;REF BAIXA BOLETO ORAL INDAIAL;;FORNECEDORES A PAGAR;6
18/03/2025;Pgto de serviço(s) realizado(s) | Cliente: Thiago Camillo;;CLIENTES DIVERSOS;1125,2
19/03/2025;JJGC INDUSTRIA E COMERCIO DE MATERIAIS DENTARIOS S.A| PGTO REF MP NFe 140085;;FORNECEDORES A PAGAR;-562,66
20/03/2025;DÉBITO TARIFA DE COBRANÇA INSTRUÇÕES;;JUROS E COMISSÕES BANCÁRIAS;-1,9
20/03/2025;Transf. |Origem:CAIXA FISICA-Destino:BANCO UNICRED 165099-8 TRANSF DE CAIXA FISICA P/ UNIC;;CAIXA GERAL;4000
20/03/2025;TARIFA CHEQUE CUSTODIA PJ;;JUROS E COMISSÕES BANCÁRIAS;-2,4
20/03/2025;MAG Seguros Seguros e Previdência S.A| PGTO REF SEGURO DE VIDA;;SEGUROS;-283,77
20/03/2025;MINISTERIO DA FAZENDA - CGSN| PGTO REF SIMPLES NACIONAL;;SIMPLES NACIONAL A RECOLHER;-5943,34
20/03/2025;MINISTÉRIO DA FAZENDA - SECRETARIA DA RECEITA FEDERAL DO BR| PGTO REF INSS + DARF;;INSS A RECOLHER;-2198,07
20/03/2025;ISO - INSTITUTO DE SAUDE OCUPACIONAL| PGTO REF EXAMES DEMISSIONAIS;;ASSISTENCIA MEDICA E SOCIAL;-80
20/03/2025;Pgto de serviço(s) realizado(s) | Cliente: Andrea Bresola;;CLIENTES DIVERSOS;5000
21/03/2025;FABIANA KEMER PANDOLPHO| PGTO REF VALE (ADIANTAMENTO DE SALARIO);;SALÁRIOS E ORDENADOS A PAGAR;-900
21/03/2025;ANDREZA VERGINIA SOUSA DA SILVA | PGTO REF VALE (ADIANTAMENTO DE SALARIO);;SALÁRIOS E ORDENADOS A PAGAR;-900
21/03/2025;ELAINE BLOOT BASEI| PGTO REF VALE (ADIANTAMENTO DE SALARIO);;SALÁRIOS E ORDENADOS A PAGAR;-1000
21/03/2025;Pgto de serviço(s) realizado(s) | Cliente: Fagundes Odontologia Integrada;;CLIENTES DIVERSOS;624,8
21/03/2025;H2T COMERCIO DE PRODUTOS E EQUIPAMENTOS LTDA ME| PGTO RF MP NFe 34116;;FORNECEDORES A PAGAR;-470
21/03/2025;DÉBITO TARIFA DE COBRANÇA COMPE;;JUROS E COMISSÕES BANCÁRIAS;-1,9
21/03/2025;HOTEL CENI| PGTO REF HOSPEDAGEM TÉCNICOS MANT MÁQ;;MANUTENÇÕES E REPAROS;-234
24/03/2025;BESSER PRODUTOS ODONTOLOGICOS| PGTO REF NFe 01157;;FORNECEDORES A PAGAR;-612,62
24/03/2025;S. I. N. SISTEMAS DE IMPLANTE| PGTO REF NFe 0000192;;FORNECEDORES A PAGAR;-110,01
24/03/2025;DENTALSHOP PROD ODONTOLOGICOS LTDA| PGTO REF MP NFe 787316;;FORNECEDORES A PAGAR;-379,8
24/03/2025;DENTALSHOP PROD ODONTOLOGICOS LTDA| PGTO REF MP NFe 796975/1;;FORNECEDORES A PAGAR;-592,91
24/03/2025;JJGC INDUSTRIA E COMERCIO DE MATERIAIS DENTARIOS S.A| RPGTO REF MP NFe 537359;;FORNECEDORES A PAGAR;-474,54
24/03/2025;TRANSPORTES RODOVIARIOS DA COSTA LTDA| PGTO REF FRETE RETORNO FORNO;;FRETES;-290
24/03/2025;DEBITO CUSTAS GRAVACAO ELETRONICA;;TAXAS DIVERSAS;-9,19
25/03/2025;MAYPER CONTADORES ASSOCIADOS LTDA| PGTO REF HONORARIOS CONTABEIS;;ASSISTÊNCIA CONTÁBIL;-850
25/03/2025;DEBITO TARIFA DE COBRANCA;;JUROS E COMISSÕES BANCÁRIAS;-10,05
26/03/2025;BAUER TRANSPORTES LTDA| 1311432-3 PGTO REF FRETES E DESPACHOS;;FRETES;-46,99
26/03/2025;CEPTIOM| PGTO RE MC NFe 9777;;FORNECEDORES A PAGAR;-287
26/03/2025;SURYA DENTAL COM.PRO.ODONT.E FARM. S/A| PGTO REF MP NFe 2506454;;FORNECEDORES A PAGAR;-259,99
26/03/2025;Pgto de serviço(s) realizado(s) | Cliente: Thiago Camillo;;CLIENTES DIVERSOS;599,46
27/03/2025;RD GESTAO E SISTEMAS S. A| PGTO REF GESTAO DE SISTEMAS;;SERVIÇOS PRESTADOS POR TERCEIROS;-60
28/03/2025;CN EMBALAGENS| PGTO REF MAT DE ESCRITÓRIO;;MATERIAL DE ESCRITÓRIO;-7,5
28/03/2025;CN EMBALAGENS| PGTO REF MAT DE ESCRITÓRIO;;MATERIAL DE ESCRITÓRIO;-7,5
28/03/2025;MULTI - LM COMERIO E DISTRB DE UTILIDADES| PGTO REF MAT DE ESCRITÓRIO;;MATERIAL DE ESCRITÓRIO;-39,98
28/03/2025;Pgto de serviço(s) realizado(s) | Cliente: Luciano Rosa Varela;;CLIENTES DIVERSOS;1000
28/03/2025;RECEBIMENTO DE PIX CN AMBALAGENS (PGTO INDEVIDO/ESTORNO);;INSUMOS;7,5
28/03/2025;Pgto de serviço(s) realizado(s) | Cliente: Oral Unic Caçador;;CLIENTES DIVERSOS;490
31/03/2025;Transf. |Origem:APLICAÇÃO FINANCEIRA-Destino:BANCO UNICRED 165099-8 RESGATE APLICACAO FINA;;APLICAÇÃO UNICRED;24199,07
31/03/2025;DENTALSHOP PROD ODONTOLOGICOS LTDA| PGTO REFM MP NFe 79014;;FORNECEDORES A PAGAR;-571,59
31/03/2025;JJGC INDUSTRIA E COMERCIO DE MATERIAIS DENTARIOS S.A| PGTO REF NFe 138683;;FORNECEDORES A PAGAR;-218
31/03/2025;CONSELHO REGIONAL DE ODOTOLOGIA SC| PGTO REF ANUIDADE VINICIUS TPD 387;;TAXAS DIVERSAS;-365,28
31/03/2025;CONSELHO REGIONAL DE ODOTOLOGIA SC| PGTO REF ANUIDADE LABORATORIO LB 114;;TAXAS DIVERSAS;-182,64
31/03/2025;Transf. |Origem:BANCO UNICRED 165099-8-Destino:APLICAÇÃO APLICACAO FINANCEIRA;;APLICAÇÃO UNICRED;-24200
02/04/2025;LIDIANE PEREIRA| PGTO REF FRETE BLOCOS ORDEM DE SERVIÇO;;FRETES;-35
02/04/2025;DEBITO CUSTAS GRAVACAO ELETRONICA;;TAXAS DIVERSAS;-9,19
02/04/2025;LIDIANE PEREIRA| PGTO REF FRETE BLOCOS ORDEM DE SERVIÇO;;FRETES;-35
02/04/2025;DEBITO CUSTAS GRAVACAO ELETRONICA;;TAXAS DIVERSAS;-9,19
02/04/2025;DEBITO TARIFA DE COBRANCA;;JUROS E COMISSÕES BANCÁRIAS;-10,05
02/04/2025;Pgto de serviço(s) realizado(s) | Cliente: Rafaela Pagliosa Winter;;CLIENTES DIVERSOS;1500
02/04/2025;Pgto de serviço(s) realizado(s) | Cliente: Marina Sprandel;;CLIENTES DIVERSOS;1318
02/04/2025;VALMIR ANTONIO PESSOLI| PGTO REF SOLDA (SERVIÇOS DE TERCEIROS);;SERVIÇOS PRESTADOS POR TERCEIROS;-20
04/04/2025;G4 EDUCACAO LTDA| PGTO REF CURSO GESTAO (cartao);;CURSOS E TREINAMENTOS;-2491,66
04/04/2025;DARLOS SOARES| PGTO REF CURSO DE GESSO (CARTAO);;CURSOS E TREINAMENTOS;-275,36
04/04/2025;EXACT SALES SOFTWARE| PGTO REF SOFTWERE (CARTAO);;SOFTWARES;-2343
04/04/2025;OS3PORCENTO CONSULTORIA| PGTO REF CONSULTORIA (CARTAO);;CURSOS E TREINAMENTOS;-1918,31
04/04/2025;AMANN GIRRBACH BRASIL COM DIS EQU PRO DE USI. LTDA| PGTO REF SERVIÇOS REVISAO 1.000HR MOT;;MANUTENÇÕES E REPAROS;-965,72
04/04/2025;CN EMBALAGENS| PGTO REF MATERIAL DE ESCRITORIO (CARTAO);;MATERIAL DE ESCRITÓRIO;-124,4
04/04/2025;MERCADO LIVRE| PGTO REF POTINHOS (CARTAO);;COPA E COZINHA;-48,74
04/04/2025;TIPOBEL| PGTO REF CAIXAS DE TRB/EMABALAGENS (CARTAO);;INSUMOS;-1493,75
04/04/2025;LEMAR AUTO POSTO LTDA| PGTO REF ABASTECIMENTO (CARTAO);;COMBUSTÍVEL;-421,7
04/04/2025;CENTRO NOVO COMERCIO| PRO LABORE (CARTAO);;VINICIUS SCAPINI;-63,55
04/04/2025;MINAMI GASTRONOMIA| ALIMNETAÇÃO (PRO LABORE) (CARTAO);;VINICIUS SCAPINI;-50,37
04/04/2025;Transf. |Origem:CAIXA FISICA-Destino:BANCO UNICRED 165099-8 TRANSF DE CAIXA FISICA P/ INIC;;CAIXA GERAL;1000
04/04/2025;Transf. |Origem:BANCO UNICRED 165099-8-Destino:CAIXA FISICA TRANSF DE UNICRED PJ P/ CAIXA;;CAIXA GERAL;-3000
04/04/2025;SURYA DENTAL COM.PRO.ODONT.E FARM. S/A| PGTO REF MP NFe 3616;;FORNECEDORES A PAGAR;-383,17
04/04/2025;INOVA PRO COM PROD ODONTOLOGICO LT ME| PGTO REF MC NFe 78634807;;FORNECEDORES A PAGAR;-155
04/04/2025;JJGC INDUSTRIA E COMERCIO DE MATERIAIS DENTARIOS S.A| PGTO REF MC NFe 141252;;FORNECEDORES A PAGAR;-597,71
04/04/2025;S. I. N. SISTEMAS DE IMPLANTE| PGTO REF NFe 0000192;;FORNECEDORES A PAGAR;-110
04/04/2025;Pgto de serviço(s) realizado(s) | Cliente: Luciano Rosa Varela;;CLIENTES DIVERSOS;1000
07/04/2025;DEBITO CUSTAS GRAVACAO ELETRONICA;;TAXAS DIVERSAS;-9,19
07/04/2025;ELAINE BLOOT BASEI| PGTO REF SALARIO FIXO MARÇO;;SALÁRIOS E ORDENADOS A PAGAR;-1813,84
07/04/2025;PAULA REGINA BUGANÇA| PGTO REF SALARIO FIXO MARÇO;;SALÁRIOS E ORDENADOS A PAGAR;-2177,76
07/04/2025;JOSE CAZUNI DO AMARAL| PGTO REF SALARIO FIXO MARÇO;;SALÁRIOS E ORDENADOS A PAGAR;-1920,45
07/04/2025;FABIANA KEMER PANDOLPHO| PGTO REF SAALRIO FIXO MARÇO;;SALÁRIOS E ORDENADOS A PAGAR;-1518,04
07/04/2025;ANDREZA VERGINIA SOUSA DA SILVA | PGTO REF SALARIO FIXO MARÇO;;SALÁRIOS E ORDENADOS A PAGAR;-1072,15
07/04/2025;PAULISTA TRANSPORTES| PGTO REF FRETES E DESPACHOS;;FRETES;-150
07/04/2025;ERSON LUIZ ALVES MACIEL (MOTOBOY)| PGTO REF FRETES E DESPACHOS;;FRETES;-434
07/04/2025;JOANA SCAPINI| PGTO REF SALARIO FIXO MARÇO;;SALÁRIOS E ORDENADOS A PAGAR;-4500
07/04/2025;TRANSFERENCIA TEF PIX;;VINICIUS SCAPINI;-100
07/04/2025;DEBITO TARIFA DE COBRANCA;;JUROS E COMISSÕES BANCÁRIAS;-10,05
08/04/2025;DEBITO CUSTAS GRAVACAO ELETRONICA;;TAXAS DIVERSAS;-9,19
08/04/2025;CD ATACADO| PGTO REF MATERIAL DE ESCRITÓRIO;;MATERIAL DE ESCRITÓRIO;-42,9
08/04/2025;Pgto de serviço(s) realizado(s) | Cliente: Luciano Rosa Varela;;CLIENTES DIVERSOS;1600
08/04/2025;ESSENTIAL IMPORTACAO E COM DE PROD ODONTOLOGICOS LTDA| PGTO REF MP NFe 001634;;FORNECEDORES A PAGAR;-2450
08/04/2025;DEBITO TARIFA DE COBRANCA;;JUROS E COMISSÕES BANCÁRIAS;-10,05
08/04/2025;MITSUI SUMITOMO SEGUROS S/A| PGTO REF SEGURO EMPRESARIAL;;SEGUROS;-355,66
08/04/2025;Pgto de serviço(s) realizado(s) | Cliente: Lea Dallanora;;CLIENTES DIVERSOS;924
08/04/2025;BAIXA DE BOLETO LEA DALLANORA;;FORNECEDORES A PAGAR;6
08/04/2025;Pgto de serviço(s) realizado(s) | Cliente: Luiz Fernando Griss;;CLIENTES DIVERSOS;7000
09/04/2025;DENTALSHOP PROD ODONTOLOGICOS LTDA| PGTO REF MP NFe 801205/1;;FORNECEDORES A PAGAR;-463
09/04/2025;DEBITO TARIFA DE COBRANCA;;JUROS E COMISSÕES BANCÁRIAS;-10,05
09/04/2025;Pgto de serviço(s) realizado(s) | Cliente: FACES CLINICA ODONTOLOGICA LTDA;;CLIENTES DIVERSOS;666,55
09/04/2025;DEBITO CUSTAS GRAVACAO ELETRONICA;;TAXAS DIVERSAS;-9,19
09/04/2025;DEBITO DE CUSTAS DE CARTORIO (Boleto Andressa Dallanora);;DESPESAS LEGAIS E JUDICIAIS;-181,7
09/04/2025;DEBITO CUSTAS GRAVACAO ELETRONICA (Boleto Oral Unic 59718-3);;TAXAS DIVERSAS;-9,19
10/04/2025;Pgto de serviço(s) realizado(s) | Cliente: Clinica Sorria Mais Implantes;;CLIENTES DIVERSOS;8277,8
10/04/2025;Pgto de serviço(s) realizado(s) | Cliente: Magali Parizzi;;CLIENTES DIVERSOS;638
10/04/2025;DÉBITO TARIFA DE COBRANÇA INSTRUÇÕES;;JUROS E COMISSÕES BANCÁRIAS;-1,9
10/04/2025;DÉBITO TARIFA DE COBRANÇA COMPE;;JUROS E COMISSÕES BANCÁRIAS;-1,9
10/04/2025;DEBITO TARIFA DE COBRANCA;;JUROS E COMISSÕES BANCÁRIAS;-20,1
10/04/2025;DENTALSHOP PROD ODONTOLOGICOS LTDA| PGTO REF MP NFe 801716;;FORNECEDORES A PAGAR;-405,71
10/04/2025;URGTEC CONSULTORIA E TREINAMENTO LTDA| PGTO REF RENOVAÇÃO LABFACIL;;SOFTWARES;-449
10/04/2025;OSNI BOING & CIA LTDA;;MATERIAL DE HIGIENE E LIMPEZA;-2675
10/04/2025;ULTRATELECOM PROVEDORA DE INTERNET EIRELI| PGTO REF PLANO INTERNET+TELEFONE FIXO;;TELEFONE;-149,99
10/04/2025;Pgto de serviço(s) realizado(s) | Cliente: Ama Odontologia LTDA;;CLIENTES DIVERSOS;2195
11/04/2025;Transf. |Origem:BANCO UNICRED 165099-8-Destino:APLICAÇÃO APLICACAO FINANCEIRA;;APLICAÇÃO UNICRED;-5000
11/04/2025;SUPERVISA SUPERMERCADOS LTDA| PGTO REF CAFÉ;;COPA E COZINHA;-69,46
11/04/2025;Pgto de serviço(s) realizado(s) | Cliente: Fagundes Odontologia Integrada;;CLIENTES DIVERSOS;953,6
11/04/2025;BAUER TRANSPORTES LTDA| 0013174326 PGTO REF FRETES E DESPACHOS;;FRETES;-140,97
11/04/2025;MAYPER CONTADORES ASSOCIADOS LTDA| PGTO REF HONORARIOS CONTABEIS;;ASSISTÊNCIA CONTÁBIL;-1500
11/04/2025;BAUER TRANSPORTES LTDA| 1319833-1PGTO REF FRETES E DESPACHOS;;FRETES;-93,98
11/04/2025;BAUER TRANSPORTES LTDA| 0013261164 PGTO REF FRETES E DESPACHOS;;FRETES;-93,98
11/04/2025;DE CARLI EMBALAGENS E MATERIAIS DE LIMPEZA| PGTO REF MATERIAL DE HIGIENE E LIMPEZA;;MATERIAL DE HIGIENE E LIMPEZA;-290,2
11/04/2025;DÉBITO TARIFA DE COBRANÇA COMPE;;JUROS E COMISSÕES BANCÁRIAS;-1,9
11/04/2025;JONECI FERREIRA (ENCANADOR)| PGTO REF SERVIÇOS DE ENCANADOR (PIA TRIAGEM);;SERVIÇOS PRESTADOS POR TERCEIROS;-100
11/04/2025;Transf. |Origem:CAIXA FISICA-Destino:BANCO UNICRED 165099-8 TRANSF DE CAIXA FISICA P/ UNI;;CAIXA GERAL;8000
11/04/2025;Pgto de serviço(s) realizado(s) | Cliente: Clínica Odonto Mais Vida SS Ltda;;CLIENTES DIVERSOS;10356
14/04/2025;SURYA DENTAL COM.PRO.ODONT.E FARM. S/A| PGTO REF MP NFe 009913;;FORNECEDORES A PAGAR;-359,4
14/04/2025;SURYA DENTAL COM.PRO.ODONT.E FARM. S/A| PGTO REF MP NFe 002498202;;FORNECEDORES A PAGAR;-239,79
14/04/2025;H2T COMERCIO DE PRODUTOS E EQUIPAMENTOS LTDA ME| PGTO REF MP NFe 034034;;FORNECEDORES A PAGAR;-720
15/04/2025;Pgto de serviço(s) realizado(s) | Cliente: Fagundes Odontologia Integrada;;CLIENTES DIVERSOS;1458,4
15/04/2025;DEBITO TARIFA DE COBRANCA;;JUROS E COMISSÕES BANCÁRIAS;-1,9
15/04/2025;PLADISA PLANOS DE SAÚDE LTDA| PGTO REF PLANO SAUDE;;ASSISTENCIA MEDICA E SOCIAL;-3459,88
15/04/2025;CELESC DISTRIBUIÇÃO S.A.| PGTO REF ENERGIA ELETRICA;;ENERGIA ELÉTRICA;-1054,68
15/04/2025;MINISTÉRIO DA FAZENDA - SECRETARIA DA RECEITA FEDERAL DO BR| PGTO REF FGTS;;FGTS A RECOLHER;-1035,3
15/04/2025;ISABELLY ANDRADE DE ABREU LUGOVET| PGTO REF Prestação de serviço SDR referente a feverei;;MANUTENÇÕES E REPAROS;-2700
15/04/2025;Pgto de serviço(s) realizado(s) | Cliente: Camila Mattos Menegazzo Duarte;;CLIENTES DIVERSOS;767,7
17/04/2025;MINISTÉRIO DA FAZENDA - SECRETARIA DA RECEITA FEDERAL DO BR| PGTO REF INSS + DARF;;INSS A RECOLHER;-2226,02
17/04/2025;ANDREZA VERGINIA SOUSA DA SILVA | PGTO REF VALE (ADIANTAMENTO DE SALARIO);;SALÁRIOS E ORDENADOS A PAGAR;-900
17/04/2025;FABIANA KEMER PANDOLPHO| PGTO REF VALE (ADIANTAMENTO DE SALARIO);;SALÁRIOS E ORDENADOS A PAGAR;-1000
17/04/2025;ELAINE BLOOT BASEI| PGTO REF VALE (ADIANTAMENTO DE SALARIO);;SALÁRIOS E ORDENADOS A PAGAR;-500
17/04/2025;CAFER MATERIAIS DE CONSTRUCAO| PGTO REF ARRUELAS;;MANUTENÇÕES E REPAROS;-200
17/04/2025;EXPRESSO SÃO MIGUEL LTDA| 16454661 PGTO REF FRETES E DESPACHOS;;FRETES;-251,5
17/04/2025;H2T COMERCIO DE PRODUTOS E EQUIPAMENTOS LTDA ME| PGTO REF MC NFe 034266;;FORNECEDORES A PAGAR;-525
17/04/2025;Pgto de serviço(s) realizado(s) | Cliente: Maycon Salmoria;;CLIENTES DIVERSOS;5000
22/04/2025;MAG Seguros Seguros e Previdência S.A| PGTO REF SEGURO DE VIDA;;SEGUROS;-283,77
22/04/2025;MINISTERIO DA FAZENDA - CGSN| PGTO REF SIMPLES NACIONAL;;SIMPLES NACIONAL A RECOLHER;-9190,98
22/04/2025;H2T COMERCIO DE PRODUTOS E EQUIPAMENTOS LTDA ME| PGTO RF MP NFe 34116;;FORNECEDORES A PAGAR;-470
22/04/2025;JJGC INDUSTRIA E COMERCIO DE MATERIAIS DENTARIOS S.A| PGTO REF MP NFe 140085;;FORNECEDORES A PAGAR;-562,66
22/04/2025;BESSER PRODUTOS ODONTOLOGICOS| PGTO REF NFe 01157;;FORNECEDORES A PAGAR;-612,62
23/04/2025;Pgto de serviço(s) realizado(s) | Cliente: Fagundes Odontologia Integrada;;CLIENTES DIVERSOS;315
23/04/2025;Pgto de serviço(s) realizado(s) | Cliente: Fagundes Odontologia Integrada;;CLIENTES DIVERSOS;624,8
24/04/2025;JJGC INDUSTRIA E COMERCIO DE MATERIAIS DENTARIOS S.A| RPGTO REF MP NFe 537359;;FORNECEDORES A PAGAR;-474,54
24/04/2025;DENTALSHOP PROD ODONTOLOGICOS LTDA| PGTO REF MP NFe 796975/1;;FORNECEDORES A PAGAR;-592,92
24/04/2025;DÉBITO TARIFA DE COBRANÇA COMPE;;JUROS E COMISSÕES BANCÁRIAS;-3,8
24/04/2025;DEBITO CUSTAS GRAVACAO ELETRONICA;;TAXAS DIVERSAS;-9,19
24/04/2025;Pgto de serviço(s) realizado(s) | Cliente: Andrea Bresola;;CLIENTES DIVERSOS;1500
24/04/2025;Pgto de serviço(s) realizado(s) | Cliente: Cibeli Pilati;;CLIENTES DIVERSOS;1749
24/04/2025;DEBITO TARIFA DE COBRANCA;;JUROS E COMISSÕES BANCÁRIAS;-10,05
25/04/2025;SERVIÇO AUTONOMO MUNICIPAL DE AGUA E ESGOTO- SAMAE| ARRECADAÇÃO DE CONVÊNIOS (agua casa V;;ÁGUA E ESGOTO;-773,47
25/04/2025;MAYPER CONTADORES ASSOCIADOS LTDA| PGTO REF HONORARIOS CONTABEIS;;ASSISTÊNCIA CONTÁBIL;-850
25/04/2025;JJGC INDUSTRIA E COMERCIO DE MATERIAIS DENTARIOS S.A| PGTO REF MC NFe 143646;;FORNECEDORES A PAGAR;-78
25/04/2025;CELMAT - JDG COMERCIO DE PRODUTOS ODONTOLOGICOS LTDA | PGTO REF MP NFe 2993;;FORNECEDORES A PAGAR;-795
25/04/2025;SURYA DENTAL COM.PRO.ODONT.E FARM. S/A| PGTO REF MP NFe 2506454;;FORNECEDORES A PAGAR;-259,99
25/04/2025;CEPTIOM| PGTO RE MC NFe 9777;;FORNECEDORES A PAGAR;-287
25/04/2025;Ricardo Threiss Assistência Técnica Ltda ME| PGTO REF ENTRADA CONSERTO CANETA;;MANUTENÇÕES E REPAROS;-329,5
28/04/2025;FABIANA KEMER PANDOLPHO| PGTO REF VALE;;SALÁRIOS E ORDENADOS A PAGAR;-100
28/04/2025;BAUER TRANSPORTES LTDA| 1336465-6 PGTO REF FRETES E DESPACHOS;;FRETES;-234,95
28/04/2025;JJGC INDUSTRIA E COMERCIO DE MATERIAIS DENTARIOS S.A| PGTO REF MC NFe 546574;;FORNECEDORES A PAGAR;-479,6
28/04/2025;JJGC INDUSTRIA E COMERCIO DE MATERIAIS DENTARIOS S.A| PGTO REF NFe 138683;;FORNECEDORES A PAGAR;-218
28/04/2025;RD GESTAO E SISTEMAS S. A| PGTO REF GESTAO DE SISTEMAS;;SERVIÇOS PRESTADOS POR TERCEIROS;-60
28/04/2025;BAUER TRANSPORTES LTDA| 0013306354 PGTO REF FRETES E DESPACHOS;;FRETES;-224,1
28/04/2025;RECK & CIA LTDA EPP| PGTO REF MANUTENÇÃO AR CONDICIONADO (5 LIMPESAS);;MANUTENÇÕES E REPAROS;-309
28/04/2025;ARTFLEX BIOFLEXMILAN COM DE MAT ELETR E HIDRAU LTDA ME| PGTO REF MC NFe 363;;MANUTENÇÕES E REPAROS;-364,75
29/04/2025;BIOART EQUIPAMENTOS ODONTOLOGICOS LTDA| PGTO REF REVISAO E TROCA DE PEÇAS ARTICULADORES;;MANUTENÇÕES E REPAROS;-408,4
29/04/2025;CN EMBALAGENS| PGTO REF PLASTICO BOLHA;;INSUMOS;-164
29/04/2025;Transf. |Origem:APLICAÇÃO FINANCEIRA-Destino:BANCO UNICRED 165099-8 RESGATE APLICACAO FINA;;APLICAÇÃO UNICRED;10892,74
29/04/2025;DEBITO TARIFA DE COBRANCA;;JUROS E COMISSÕES BANCÁRIAS;-10,05
29/04/2025;Transf. |Origem:BANCO UNICRED 165099-8-Destino:APLICAÇÃO APLICACAO FINANCEIRA;;APLICAÇÃO UNICRED;-10900
29/04/2025;DEBITO CUSTAS GRAVACAO ELETRONICA;;TAXAS DIVERSAS;-9,19
30/04/2025;Pgto de serviço(s) realizado(s) | Cliente: ORAL UNIC IMPLANTES;;CLIENTES DIVERSOS;6000
30/04/2025;DENTALSHOP PROD ODONTOLOGICOS LTDA| PGTO REFM MP NFe 79014;;FORNECEDORES A PAGAR;-571,59
30/04/2025;Pgto de serviço(s) realizado(s) | Cliente: Cibeli Pilati;;CLIENTES DIVERSOS;3000
30/04/2025;Pgto de serviço(s) realizado(s) | Cliente: Cibeli Pilati;;CLIENTES DIVERSOS;400
30/04/2025;DEBITO DE CUSTAS DE CARTORIO;;DESPESAS LEGAIS E JUDICIAIS;-130,98
30/04/2025;DEBITO TARIFA DE COBRANCA;;JUROS E COMISSÕES BANCÁRIAS;-1,9
30/04/2025;Pgto de serviço(s) realizado(s) | Cliente: Rafaela Pagliosa Winter;;CLIENTES DIVERSOS;3000
02/05/2025;DÉBITO TARIFA DE COBRANÇA INSTRUÇÕES;;JUROS E COMISSÕES BANCÁRIAS;-32,3
02/05/2025;DEBITO TARIFA DE COBRANCA;;JUROS E COMISSÕES BANCÁRIAS;-10,05
02/05/2025;Pgto de serviço(s) realizado(s) | Cliente: MARINA SPRANDEL;;CLIENTES DIVERSOS;618
02/05/2025;INOVA PRO COM PROD ODONTOLOGICO LT ME| PGTO REF MC NFe 12645;;FORNECEDORES A PAGAR;-242,5
02/05/2025;CLIN D AGUA LTDA| PGTO REF TROCA FILTROS BEBEDOURO;;SERVIÇOS PRESTADOS POR TERCEIROS;-260
02/05/2025;LIDIANE PEREIRA| PGTO REF BLOCOS ORDEM DE SERVIÇO;;TERCEIRIZAÇÃO DA PRODUÇÃO;-1000,45
02/05/2025;PIX / VINICIUS SCAPINI;;VINICIUS SCAPINI;-6450
05/05/2025;DARLOS SOARES| PGTO REF CURSO DE GESSO (CARTAO);;CURSOS E TREINAMENTOS;-275,36
05/05/2025;AMANN GIRRBACH BRASIL COM DIS EQU PRO DE USI. LTDA| PGTO REF SERVIÇOS REVISAO 1.000HR MOT;;MANUTENÇÕES E REPAROS;-965,69
05/05/2025;TIPOBEL| PGTO REF CAIXAS DE TRB/EMABALAGENS (CARTAO);;INSUMOS;-1493,75
05/05/2025;MERCADO LIVRE| PGTO REF POTINHOS (CARTAO);;COPA E COZINHA;-48,74
05/05/2025;MINAMI GASTRONOMIA| PGTO REF ALIMENTAÇÃO (CARTAO);;COPA E COZINHA;-48,62
05/05/2025;MERCADO LIVRE| PGTO REF POTINHOS (CARTÃO);;INSUMOS;-54,68
05/05/2025;EXACT SALES SOFTWARE| PGTO REF SOFTWERE (CARTAO);;SOFTWARES;-2343
05/05/2025;OS3PORCENTO CONSULTORIA| PGTO REF CONSULTORIA (CARTAO);;CURSOS E TREINAMENTOS;-1918,31
05/05/2025;DIVINO CACAU LTDA ME| PGTO REF PRESENTE JOSE (CARTAO);;CONFRATERNIZAÇÕES E BRINDES;-47,98
05/05/2025;MERCADO LIVRE| PGTO REF MATERIAL DE ESCRITORIO (CARTAO);;MATERIAL DE ESCRITÓRIO;-55,8
05/05/2025;DENTALSHOP PROD ODONTOLOGICOS LTDA| PGTO REF MP NFe 811161/1;;FORNECEDORES A PAGAR;-332,34
05/05/2025;EXPRESSO SÃO MIGUEL LTDA| 16544835 PGTO REF FRETE ARTICULADORES;;FRETES;-199,12
05/05/2025;JJGC INDUSTRIA E COMERCIO DE MATERIAIS DENTARIOS S.A| PGTO REF MC NFe 141252;;FORNECEDORES A PAGAR;-597,71
05/05/2025;S. I. N. SISTEMAS DE IMPLANTE| PGTO REF NFe 0000192;;FORNECEDORES A PAGAR;-110
05/05/2025;SURYA DENTAL COM.PRO.ODONT.E FARM. S/A| PGTO REF MP NFe 3616;;FORNECEDORES A PAGAR;-383,17
05/05/2025;VIVIANE FRANCIELI BRESSAN| PGTO REF SALGADOS DIA DO TRABALHO;;CONFRATERNIZAÇÕES E BRINDES;-65
05/05/2025;ISABELLY ANDRADE DE ABREU LUGOVET| PGTO REF Prestação de serviço SDR referente a Abril;;SERVIÇOS PRESTADOS POR TERCEIROS;-2827,5
05/05/2025;G4 EDUCACAO LTDA| PGTO REF CURSO GESTAO (cartao);;CURSOS E TREINAMENTOS;-2491,66
05/05/2025;Pgto de serviço(s) realizado(s) | Cliente: Luciano Rosa Varela;;CLIENTES DIVERSOS;800
05/05/2025;CD ATACADO| COMPRA CARTAO VISA (MATER. ESCRITORIO);;MATERIAL DE ESCRITÓRIO;-17,49
05/05/2025;OSNI BOING & CIA LTDA| COMPRA CARTAO VISA (VASELINA);;MATERIAL DE HIGIENE E LIMPEZA;-17,8
06/05/2025;MATTES SERVIÇOS ELETRÔNICOS LTDA| PGTO REF MT PRIMA NFe 011485;;FORNECEDORES A PAGAR;-241,53
06/05/2025;PAULA REGINA BUGANÇA| PGTO REF SAALRIO FIXO ABRIL;;SALÁRIOS E ORDENADOS A PAGAR;-2192,51
06/05/2025;ELAINE BLOOT BASEI| PGTO REF SALARIO FIXO ABRIL;;SALÁRIOS E ORDENADOS A PAGAR;-2119,4
06/05/2025;FABIANA KEMER PANDOLPHO| PGTO REF SALARIO FIXO ABRIL;;SALÁRIOS E ORDENADOS A PAGAR;-1522,49
06/05/2025;JOANA SCAPINI| PGTO REF SAALRIO FIXO ABRIL (DIFERENÇA 2.600,00);;SALÁRIOS E ORDENADOS A PAGAR;-1900
06/05/2025;PAULISTA TRANSPORTES| PGTO REF FRETES E DESPACHOS;;FRETES;-100
06/05/2025;JOSE CAZUNI DO AMARAL| PGTO REF SALARIO FIXO;;SALÁRIOS E ORDENADOS A PAGAR;-1994,58
06/05/2025;ANDREZA VERGINIA SOUSA DA SILVA | PGTO REF SALARIO FIXO ABRIL;;SALÁRIOS E ORDENADOS A PAGAR;-1370,93
07/05/2025;THIAGO NASCIMENTO TESSER| PGTO REF FRETES E DESPACHOS;;FRETES;-406
07/05/2025;DENTALSHOP PROD ODONTOLOGICOS LTDA| PGTO REF MP NFe 811636/1;;FORNECEDORES A PAGAR;-314,74
07/05/2025;Pgto de serviço(s) realizado(s) | Cliente: MARINA SPRANDEL;;CLIENTES DIVERSOS;876
08/05/2025;ESSENTIAL IMPORTACAO E COM DE PROD ODONTOLOGICOS LTDA| PGTO REF MP NFe 001634;;FORNECEDORES A PAGAR;-2450
09/05/2025;BRUNO CAVICHON LTDA - DIGITAL CONCEPT LB| PGTO REF FRESAGEM DE BARRA TITANIO ATÉ 10MM E F;;TERCEIRIZAÇÃO DA PRODUÇÃO;-967,5
09/05/2025;Pgto de serviço(s) realizado(s) | Cliente: AMA ODONTOLOGIA LTDA;;CLIENTES DIVERSOS;4000
12/05/2025;Transf. |Origem:CAIXA FISICA-Destino:BANCO UNICRED 165099-8 TRANSF DE CAIXA FISICA P/ UNIC;;CAIXA GERAL;1300
12/05/2025;TARIFA CHEQUE CUSTODIA PJ;;JUROS E COMISSÕES BANCÁRIAS;-2,4
12/05/2025;Pgto de serviço(s) realizado(s) | Cliente: RENATA MACHADO;;CLIENTES DIVERSOS;658
12/05/2025;MITSUI SUMITOMO SEGUROS S/A| PGTO REF SEGURO EMPRESARIAL;;SEGUROS;-347,86
12/05/2025;URGTEC CONSULTORIA E TREINAMENTO LTDA| PGTO REF RENOVAÇÃO LABFACIL;;SOFTWARES;-449
12/05/2025;DÉBITO TARIFA DE COBRANÇA COMPE;;JUROS E COMISSÕES BANCÁRIAS;-1,9
12/05/2025;ISO - INSTITUTO DE SAUDE OCUPACIONAL| PGTO REF LAUDO;;ASSISTENCIA MEDICA E SOCIAL;-200
12/05/2025;Pgto de serviço(s) realizado(s) | Cliente: Maycon Salmoria;;CLIENTES DIVERSOS;1016,48
12/05/2025;Pgto de serviço(s) realizado(s) | Cliente: SORRIA MAIS IMPLANTES;;CLIENTES DIVERSOS;10944,6
12/05/2025;BAUER TRANSPORTES LTDA| 1341963-9 PGTO REF FRETES E DESPACHOS;;FRETES;-254,54
12/05/2025;MAYPER CONTADORES ASSOCIADOS LTDA| PGTO REF CONTRATO ORAL UNIC;;ASSISTÊNCIA CONTÁBIL;-1500
12/05/2025;H2T COMERCIO DE PRODUTOS E EQUIPAMENTOS LTDA ME| PGTO REF MP NFe 034034;;FORNECEDORES A PAGAR;-720
12/05/2025;Pgto de serviço(s) realizado(s) | Cliente: Ronaldo Savaris;;CLIENTES DIVERSOS;600
12/05/2025;THIAGO QUEIROZ DE ALMEIDA| PGTO REF PLANO INTERNET+TELEFONE FIXO;;TELEFONE;-149,99
12/05/2025;Pgto de serviço(s) realizado(s) | Cliente: Ricardo Villela Armênio;;CLIENTES DIVERSOS;490
12/05/2025;Estorno C.ReceberLanç/Cliente 12/05/25 Ronaldo Savaris;;CLIENTES DIVERSOS;-600
12/05/2025;OSNI BOING & CIA LTDA;;MATERIAL DE HIGIENE E LIMPEZA;-2675
13/05/2025;Pgto de serviço(s) realizado(s) | Cliente: GUILHERME SANDRI;;CLIENTES DIVERSOS;761
13/05/2025;Pgto de serviço(s) realizado(s) | Cliente: FAGUNDES ODONTOLOGIA INTEGRADA;;CLIENTES DIVERSOS;1458,4
13/05/2025;Pgto de serviço(s) realizado(s) | Cliente: Alexandre Rossa Ribeiro;;CLIENTES DIVERSOS;885
13/05/2025;Pgto de serviço(s) realizado(s) | Cliente: FACES CLINICA ODONTOLOGICA LTDA;;CLIENTES DIVERSOS;6576,75
13/05/2025;SURYA DENTAL COM.PRO.ODONT.E FARM. S/A| PGTO REF MP NFe 002498202;;FORNECEDORES A PAGAR;-239,79
13/05/2025;PRO LABORE| PGTO REF INTERNET;;VINICIUS SCAPINI;-119,9
13/05/2025;DÉBITO TARIFA DE COBRANÇA COMPE;;JUROS E COMISSÕES BANCÁRIAS;-3,8
13/05/2025;DEBITO TARIFA DE COBRANCA;;JUROS E COMISSÕES BANCÁRIAS;-3,8
13/05/2025;SURYA DENTAL COM.PRO.ODONT.E FARM. S/A| PGTO REF MP NFe 009913;;FORNECEDORES A PAGAR;-366,71
13/05/2025;Transf. |Origem:CAIXA FISICA-Destino:BANCO UNICRED 165099-8 TRANSF DE CAIXA FISICO P/ UNIC;;CAIXA GERAL;1000
13/05/2025;Transf. |Origem:CAIXA FISICA-Destino:BANCO UNICRED 165099-8 TRANSF DE CAIXA FISICO P/ UNIC;;CAIXA GERAL;1530
13/05/2025;Transf. |Origem:CAIXA FISICA-Destino:BANCO UNICRED 165099-8 TRANSF DE CAIXA FISICO P/ UNIC;;CAIXA GERAL;600
13/05/2025;Transf. |Origem:CAIXA FISICA-Destino:BANCO UNICRED 165099-8 TRANSF DE CAIXA FISICO P/ UNIC;;CAIXA GERAL;500
13/05/2025;Transf. |Origem:CAIXA FISICA-Destino:BANCO UNICRED 165099-8 TRANSF DE CAIXA FISICO P/ UNIC;;CAIXA GERAL;1948
13/05/2025;Transf. |Origem:CAIXA FISICA-Destino:BANCO UNICRED 165099-8 TRANSF DE CAIXA FISICO P/ UNIC;;CAIXA GERAL;5000
14/05/2025;Pgto de serviço(s) realizado(s) | Cliente: FAGUNDES ODONTOLOGIA INTEGRADA;;CLIENTES DIVERSOS;342
14/05/2025;DEBITO TARIFA DE COBRANCA;;JUROS E COMISSÕES BANCÁRIAS;-1,9
14/05/2025;JUROS E MULTA BOLEO FAGUNDES;;JUROS E COMISSÕES BANCÁRIAS;7,15
14/05/2025;Pgto de serviço(s) realizado(s) | Cliente: ODONTO MAIS VIDA SS LTDA;;CLIENTES DIVERSOS;231,32
14/05/2025;Pgto de serviço(s) realizado(s) | Cliente: Luciano Rosa Varela;;CLIENTES DIVERSOS;1000
15/05/2025;JOANA SCAPINI| PGTO REF COMPRA CAFE+OUTROS;;COPA E COZINHA;-70,68
15/05/2025;Transf. |Origem:CAIXA FISICA-Destino:BANCO UNICRED 165099-8 TRANSF DE CAIXA FISICO PARA UN;;CAIXA GERAL;1200
15/05/2025;TARIFA CHEQUE CUSTODIA PJ;;JUROS E COMISSÕES BANCÁRIAS;-2,4
15/05/2025;Pgto de serviço(s) realizado(s) | Cliente: CAMILA MATTOS MENEGAZZO DUARTE;;CLIENTES DIVERSOS;5709,6
15/05/2025;PLADISA PLANOS DE SAÚDE LTDA| PGTO REF PLANO SAUDE;;ASSISTENCIA MEDICA E SOCIAL;-2620,27
15/05/2025;CELESC DISTRIBUIÇÃO S.A.| PGTO REF ENERGIA ELETRICA;;ENERGIA ELÉTRICA;-888,77
15/05/2025;PRO LABORE;;VINICIUS SCAPINI;-3000
16/05/2025;MULTI - LM COMERIO E DISTRB DE UTILIDADES| PGTO REF MATERIAL DE ESCRITORIO;;MATERIAL DE ESCRITÓRIO;-25,98
16/05/2025;Pgto de serviço(s) realizado(s) | Cliente: ORAL UNIC IMPLANTES;;CLIENTES DIVERSOS;7000
16/05/2025;Ricardo Threiss Assistência Técnica Ltda ME| PGTO REF CONSERTO CANETA;;MANUTENÇÕES E REPAROS;-329,5
16/05/2025;SURYA DENTAL COM.PRO.ODONT.E FARM. S/A| PGTO REF NFe 15499;;FORNECEDORES A PAGAR;-342,7
16/05/2025;JOMON INDUSTRIA DE ARTEFATOS CERAMICOS LTDA| PGTO REF MP NFe;;FORNECEDORES A PAGAR;-721,4
16/05/2025;SURYA DENTAL COM.PRO.ODONT.E FARM. S/A| PGTO REF MP NFe 002542775;;FORNECEDORES A PAGAR;-202,38
16/05/2025;DEBITO TARIFA DE COBRANCA;;JUROS E COMISSÕES BANCÁRIAS;-1,9
16/05/2025;Pgto de serviço(s) realizado(s) | Cliente: Luiz Fernando Griss;;CLIENTES DIVERSOS;4555
16/05/2025;Estorno C.ReceberLanç/Cliente 16/05/25 Luiz Fernando Griss;;CLIENTES DIVERSOS;-4555
16/05/2025;PGTO REF VALE|0216 FABIANA KEMER PANDOLPHO;;SALÁRIOS E ORDENADOS A PAGAR;-1000
16/05/2025;ANDREZA VERGINIA SOUSA DA SILVA | PGTO REF VALE;;SALÁRIOS E ORDENADOS A PAGAR;-900
19/05/2025;SURYA DENTAL COM.PRO.ODONT.E FARM. S/A| PGTO REF NFe 15728;;FORNECEDORES A PAGAR;-252,18
19/05/2025;JJGC INDUSTRIA E COMERCIO DE MATERIAIS DENTARIOS S.A| PGTO REF MP NFe 140085;;FORNECEDORES A PAGAR;-562,66
19/05/2025;EXPRESSO SÃO MIGUEL LTDA| 16629876 PGTO REF FRETES E DESPACHOS;;FRETES;-84,34
20/05/2025;MAG Seguros Seguros e Previdência S.A| PGTO REF SEGURO DE VIDA;;SEGUROS;-283,77
20/05/2025;MINISTÉRIO DA FAZENDA - SECRETARIA DA RECEITA FEDERAL DO BR| PGTO REF INSS + DARF;;INSS A RECOLHER;-2010,28
20/05/2025;MINISTERIO DA FAZENDA - CGSN| PGTO REF SIMPLES NACIONAL;;SIMPLES NACIONAL A RECOLHER;-5101,23
20/05/2025;H2T COMERCIO DE PRODUTOS E EQUIPAMENTOS LTDA ME| PGTO REF MP NFe 034501;;FORNECEDORES A PAGAR;-411,68
20/05/2025;CELEBRE EVENTOS| PGTO REF BOLO ANIVERSARIO VINICIUS;;VINICIUS SCAPINI;-60
20/05/2025;Transf. |Origem:BANCO UNICRED 165099-8-Destino:BANCO UNICRE TRANSFERENCIA ENTRE CONTAS;;VINICIUS SCAPINI;-100
20/05/2025;MINISTÉRIO DA FAZENDA - SECRETARIA DA RECEITA FEDERAL DO BR| PGTO REF FGTS;;FGTS A RECOLHER;-1070,06
20/05/2025;Pgto de serviço(s) realizado(s) | Cliente: Luciano Rosa Varela;;CLIENTES DIVERSOS;800
22/05/2025;Pgto de serviço(s) realizado(s) | Cliente: FAGUNDES ODONTOLOGIA INTEGRADA;;CLIENTES DIVERSOS;315
22/05/2025;Pgto de serviço(s) realizado(s) | Cliente: FAGUNDES ODONTOLOGIA INTEGRADA;;CLIENTES DIVERSOS;624,8
22/05/2025;H2T COMERCIO DE PRODUTOS E EQUIPAMENTOS LTDA ME| PGTO RF MP NFe 34116;;FORNECEDORES A PAGAR;-470
22/05/2025;DÉBITO TARIFA DE COBRANÇA COMPE;;JUROS E COMISSÕES BANCÁRIAS;-3,8
22/05/2025;DENTALSHOP PROD ODONTOLOGICOS LTDA| PGTO REF MP NFe 796975/1;;FORNECEDORES A PAGAR;-592,92
22/05/2025;JJGC INDUSTRIA E COMERCIO DE MATERIAIS DENTARIOS S.A| RPGTO REF MP NFe 537359;;FORNECEDORES A PAGAR;-474,52
23/05/2025;CELMAT - JDG COMERCIO DE PRODUTOS ODONTOLOGICOS LTDA | PGTO REF MP NFe 2993;;FORNECEDORES A PAGAR;-794
23/05/2025;DIVINO CACAU LTDA ME| PGTO REF PRESENTE CLIENTE;;BRINDES P/ CLIENTES;-25,97
23/05/2025;JOANA SCAPINI| PGTO REF FRET CELUALR COMERCIAL;;TELEFONE;-40,7
26/05/2025;Transf. |Origem:CAIXA FISICA-Destino:BANCO UNICRED 165099-8 TRANSF DE CAIXA FISICO P/ UNIC;;CAIXA GERAL;4000
26/05/2025;TARIFA CHEQUE CUSTODIA PJ;;JUROS E COMISSÕES BANCÁRIAS;-2,4
26/05/2025;MAYPER CONTADORES ASSOCIADOS LTDA| PGTO REF HONORARIOS CONTABEIS;;ASSISTÊNCIA CONTÁBIL;-850
26/05/2025;CEPTIOM| PGTO RE MC NFe 9777;;FORNECEDORES A PAGAR;-287
27/05/2025;Pgto de serviço(s) realizado(s) | Cliente: Luciano Rosa Varela;;CLIENTES DIVERSOS;1000
27/05/2025;JJGC INDUSTRIA E COMERCIO DE MATERIAIS DENTARIOS S.A| PGTO REF MC NFe 546574;;FORNECEDORES A PAGAR;-479,6
27/05/2025;RECK & CIA LTDA EPP| PGTO REF MANUTENÇÃO AR CONDICIONADO (5 LIMPESAS);;MANUTENÇÕES E REPAROS;-309
27/05/2025;AMANN GIRRBACH BRASIL COM DIS EQU PRO DE USI. LTDA| PGTO REF PARAFUSOS HOLDER;;MANUTENÇÕES E REPAROS;-339,59
27/05/2025;RD GESTAO E SISTEMAS S. A| PGTO REF GESTAO DE SISTEMAS;;SERVIÇOS PRESTADOS POR TERCEIROS;-60
29/05/2025;MARCOS GIOVANI DA SILVA| PGTO REF LIMPEZA COMPUTADOR;;SERVIÇOS PRESTADOS POR TERCEIROS;-430
29/05/2025;Transf. |Origem:APLICAÇÃO FINANCEIRA-Destino:BANCO UNICRED 165099-8 RESGATE APLICACAO FINA;;APLICAÇÃO UNICRED;12057,14
28/05/2025;Pgto de serviço(s) realizado(s) | Cliente: ORAL UNIC IMPLANTES;;CLIENTES DIVERSOS;7000
29/05/2025;DÉBITO TARIFA DE COBRANÇA COMPE;;JUROS E COMISSÕES BANCÁRIAS;-1,9
29/05/2025;Transf. |Origem:BANCO UNICRED 165099-8-Destino:APLICAÇÃO APLICACAO FINANCEIRA;;APLICAÇÃO UNICRED;-12100
29/05/2025;ARTFLEX BIOFLEXMILAN COM DE MAT ELETR E HIDRAU LTDA ME| PGTO REF MC NFe 363;;MANUTENÇÕES E REPAROS;-364,75
30/05/2025;DENTALSHOP PROD ODONTOLOGICOS LTDA| PGTO REFM MP NFe 79014;;FORNECEDORES A PAGAR;-571,59
30/05/2025;Pgto de serviço(s) realizado(s) | Cliente: Luciano Rosa Varela;;CLIENTES DIVERSOS;800
30/05/2025;Pgto de serviço(s) realizado(s) | Cliente: Rafaela Pagliosa Winter;;CLIENTES DIVERSOS;6000
30/05/2025;MCA ELETROMOTORES LTDA| PGTO REF MANGUEIRA RECORTADOR;;MANUTENÇÕES E REPAROS;-15
03/06/2025;G4 EDUCACAO LTDA| PGTO REF CURSO GESTAO (cartao);;CURSOS E TREINAMENTOS;-2491,66
03/06/2025;DARLOS SOARES| PGTO REF CURSO DE GESSO (CARTAO);;CURSOS E TREINAMENTOS;-275,36
03/06/2025;AMANN GIRRBACH BRASIL COM DIS EQU PRO DE USI. LTDA| PGTO REF SERVIÇOS REVISAO 1.000HR MOT;;MANUTENÇÕES E REPAROS;-965,66
03/06/2025;TIPOBEL| PGTO REF CAIXAS DE TRB/EMABALAGENS (CARTAO);;INSUMOS;-1493,75
03/06/2025;MERCADO LIVRE| PGTO REF POTINHOS (CARTÃO);;INSUMOS;-54,67
03/06/2025;EXACT SALES SOFTWARE| PGTO REF SOFTWERE (CARTAO);;SOFTWARES;-2343
03/06/2025;SURYA DENTAL COM.PRO.ODONT.E FARM. S/A| PGTO REF MP NFe 3616;;FORNECEDORES A PAGAR;-383,17
03/06/2025;DENTALSHOP PROD ODONTOLOGICOS LTDA| PGTO REF MP NFe 811161/1;;FORNECEDORES A PAGAR;-332,34
03/06/2025;JJGC INDUSTRIA E COMERCIO DE MATERIAIS DENTARIOS S.A| PGTO REF MC NFe 141252;;FORNECEDORES A PAGAR;-597,71
03/06/2025;Pgto de serviço(s) realizado(s) | Cliente: CIBELI PILATI;;CLIENTES DIVERSOS;200
03/06/2025;Pgto de serviço(s) realizado(s) | Cliente: CIBELI PILATI;;CLIENTES DIVERSOS;4800
04/06/2025;Transf. |Origem:BANCO UNICRED 165099-8-Destino:BANCO UNICRE TRANSFERÊNCIA ENTRE CONTAS;;VINICIUS SCAPINI;-7000
04/06/2025;Pgto de serviço(s) realizado(s) | Cliente: Luciano Rosa Varela;;CLIENTES DIVERSOS;900
04/06/2025;PRO LABORE| PGTO REF CONSERTO PORTÃO;;VINICIUS SCAPINI;-50
05/06/2025;Pgto de serviço(s) realizado(s) | Cliente: Luciano Rosa Varela;;CLIENTES DIVERSOS;2500
05/06/2025;FABIANA KEMER PANDOLPHO| PGTO REF SALARIO FIXO REF MAIO;;SALÁRIOS E ORDENADOS A PAGAR;-1501,03
05/06/2025;ELAINE BLOOT BASEI| PGTO REF SALARIO FIXO REF MAIO;;SALÁRIOS E ORDENADOS A PAGAR;-2701,07
05/06/2025;JOSE CAZUNI DO AMARAL| PGTO REF SALARIO FIXO REF MAIO;;SALÁRIOS E ORDENADOS A PAGAR;-1936,8
05/06/2025;ANDREZA VERGINIA SOUSA DA SILVA | PGTO REF SALARIO FIXO REF MAIO;;SALÁRIOS E ORDENADOS A PAGAR;-1253,51
05/06/2025;JOANA SCAPINI| PGTO REF SALARIO FIXO REF MAIO;;SALÁRIOS E ORDENADOS A PAGAR;-4500
05/06/2025;THIAGO NASCIMENTO TESSER| PGTO REF FRETES E DESPACHOS;;FRETES;-427
05/06/2025;PAULA REGINA BUGANÇA| PGTO REF SALARIO FIXO REF MAIO;;SALÁRIOS E ORDENADOS A PAGAR;-2472,67
06/06/2025;DENTALSHOP PROD ODONTOLOGICOS LTDA| PGTO REF MP NFe 811636/1;;FORNECEDORES A PAGAR;-314,73
06/06/2025;Pgto de serviço(s) realizado(s) | Cliente: CLÍNICA ODONTO MAIS VIDA SS LTDA;;CLIENTES DIVERSOS;1818
06/06/2025;CONSELHO REGIONAL DE ODOTOLOGIA SC| PGTO REF ANUIODADE ELAINE;;TAXAS DIVERSAS;-450,07
06/06/2025;AJUSTE DE SALDO;;VALORES A VERIFICAR;-0,04
09/06/2025;TALMAX PRODUTOS DE PROTESE DENTARIA LTDA| PGTOEF MP NFe 99853;;FORNECEDORES A PAGAR;-1150,85
09/06/2025;ESSENTIAL IMPORTACAO E COM DE PROD ODONTOLOGICOS LTDA| PGTO REF MP NFe 001634;;FORNECEDORES A PAGAR;-2450
10/06/2025;Pgto de serviço(s) realizado(s) | Cliente: SORRIA MAIS IMPLANTES;;CLIENTES DIVERSOS;4990
10/06/2025;Transf. |Origem:BANCO UNICRED 165099-8-Destino:BANCO UNICRE TRANSF DE CONTA PJ P/ CONTA FI;;VINICIUS SCAPINI;-4500
10/06/2025;MITSUI SUMITOMO SEGUROS S/A| PGTO REF SEGURO EMPRESARIAL;;SEGUROS;-347,86
10/06/2025;ISO - INSTITUTO DE SAUDE OCUPACIONAL| PGTO REF LAUDO;;ASSISTENCIA MEDICA E SOCIAL;-200
10/06/2025;URGTEC CONSULTORIA E TREINAMENTO LTDA| PGTO REF RENOVAÇÃO LABFACIL;;SOFTWARES;-449
10/06/2025;OSNI BOING & CIA LTDA;;MATERIAL DE HIGIENE E LIMPEZA;-2675
10/06/2025;ULTRATELECOM PROVEDORA DE INTERNET EIRELI| PGTO REF PLANO INTERNET+TELEFONE FIXO;;TELEFONE;-149,99
11/06/2025;Pgto de serviço(s) realizado(s) | Cliente: ALEXANDRE ROSSA RIBEIRO;;CLIENTES DIVERSOS;434
11/06/2025;DÉBITO TARIFA DE COBRANÇA COMPE;;JUROS E COMISSÕES BANCÁRIAS;-1,9
12/06/2025;Transf. |Origem:CAIXA FISICA-Destino:BANCO UNICRED 165099-8 TRANSF DE CAIXA FISICO PARA UN;;CAIXA GERAL;10000
13/06/2025;SURYA DENTAL COM.PRO.ODONT.E FARM. S/A| PGTO REF MP NFe 002498202;;FORNECEDORES A PAGAR;-239,79
13/06/2025;Pgto de serviço(s) realizado(s) | Cliente: FAGUNDES ODONTOLOGIA INTEGRADA;;CLIENTES DIVERSOS;342
13/06/2025;Pgto de serviço(s) realizado(s) | Cliente: FAGUNDES ODONTOLOGIA INTEGRADA;;CLIENTES DIVERSOS;1458,4
13/06/2025;DÉBITO TARIFA DE COBRANÇA COMPE;;JUROS E COMISSÕES BANCÁRIAS;-3,8
13/06/2025;ELAINE BLOOT BASEI| PGTO REF RECISAO TRABALHISTA;;SALÁRIOS E ORDENADOS A PAGAR;-6328,66
13/06/2025;MINISTÉRIO DA FAZENDA - SECRETARIA DA RECEITA FEDERAL DO BR| PGTO REF MULTA RECISORIA (EL;;FGTS A RECOLHER;-8140,36
13/06/2025;SURYA DENTAL COM.PRO.ODONT.E FARM. S/A| PGTO REF MP NFe 009913;;FORNECEDORES A PAGAR;-366,83
16/06/2025;Transf. |Origem:BANCO UNICRED 165099-8-Destino:BANCO UNICRE TRANSF DE UNICRED PJ P/ UNICRE;;VINICIUS SCAPINI;-500
16/06/2025;Pgto de serviço(s) realizado(s) | Cliente: CAMILA MATTOS MENEGAZZO DUARTE;;CLIENTES DIVERSOS;1948,5
16/06/2025;Pgto de serviço(s) realizado(s) | Cliente: ORAL UNIC IMPLANTES;;CLIENTES DIVERSOS;7000
16/06/2025;DEBITO TARIFA DE COBRANCA;;JUROS E COMISSÕES BANCÁRIAS;-1,9
16/06/2025;SURYA DENTAL COM.PRO.ODONT.E FARM. S/A| PGTO REF NFe 15499;;FORNECEDORES A PAGAR;-342,7
16/06/2025;PLADISA PLANOS DE SAÚDE LTDA| PGTO REF PLANO SAUDE;;ASSISTENCIA MEDICA E SOCIAL;-2620,27
16/06/2025;SURYA DENTAL COM.PRO.ODONT.E FARM. S/A| PGTO REF MP NFe 002542775;;FORNECEDORES A PAGAR;-202,38
16/06/2025;DENTALSHOP PROD ODONTOLOGICOS LTDA| PGTO REF MP NFe 824382/1;;FORNECEDORES A PAGAR;-502,2
16/06/2025;Pgto de serviço(s) realizado(s) | Cliente: CIBELI PILATI;;CLIENTES DIVERSOS;3000
17/06/2025;CELESC DISTRIBUIÇÃO S.A.| PGTO REF ENERGIA ELETRICA;;ENERGIA ELÉTRICA;-705,7
17/06/2025;SURYA DENTAL COM.PRO.ODONT.E FARM. S/A| PGTO REF NFe 15728;;FORNECEDORES A PAGAR;-252,18
17/06/2025;S. I. N. SISTEMAS DE IMPLANTE| PGTO REF MP NFe 1555;;FORNECEDORES A PAGAR;-280,9
17/06/2025;JJGC INDUSTRIA E COMERCIO DE MATERIAIS DENTARIOS S.A| PGTO REF MP NFe 140085;;FORNECEDORES A PAGAR;-562,62
17/06/2025;Pgto de serviço(s) realizado(s) | Cliente: ANDRESSA DALLANORA;;CLIENTES DIVERSOS;761,7
18/06/2025;EXPRESSO SÃO MIGUEL LTDA| PGTO REF FRETES E DESPACHOS;;FRETES;-236,29
18/06/2025;ANDREZA VERGINIA SOUSA DA SILVA | PGTO REF VALE;;SALÁRIOS E ORDENADOS A PAGAR;-900
18/06/2025;MINISTÉRIO DA FAZENDA - SECRETARIA DA RECEITA FEDERAL DO BR| PGTO REF FGTS;;FGTS A RECOLHER;-1033,56
20/06/2025;MINISTERIO DA FAZENDA - CGSN| PGTO REF SIMPLES NACIONAL;;SIMPLES NACIONAL A RECOLHER;-6053,92
20/06/2025;MINISTÉRIO DA FAZENDA - SECRETARIA DA RECEITA FEDERAL DO BR| PGTO REF INSS + DARF;;INSS A RECOLHER;-1930,78
20/06/2025;CELMAT - JDG COMERCIO DE PRODUTOS ODONTOLOGICOS LTDA | PGTO REF MP NFe 2993;;FORNECEDORES A PAGAR;-794
20/06/2025;H2T COMERCIO DE PRODUTOS E EQUIPAMENTOS LTDA ME| PGTO REF MP NFe 034501;;FORNECEDORES A PAGAR;-411,66
20/06/2025;DE CARLI EMBALAGENS E MATERIAIS DE LIMPEZA| PGTO REF MT DE HIG E LIMPEZ;;MATERIAL DE HIGIENE E LIMPEZA;-138,5
20/06/2025;Transf. |Origem:APLICAÇÃO FINANCEIRA-Destino:BANCO UNICRED 165099-8 RESGATE APLICACAO FINA;;APLICAÇÃO UNICRED;9839,62
20/06/2025;Transf. |Origem:APLICAÇÃO FINANCEIRA-Destino:BANCO UNICRED 165099-8 RESGATE APLICACAO FINA;;APLICAÇÃO UNICRED;9514,02
20/06/2025;Transf. |Origem:APLICAÇÃO FINANCEIRA-Destino:BANCO UNICRED 165099-8 RESGATE APLICACAO FINA;;APLICAÇÃO UNICRED;11074,17
20/06/2025;Transf. |Origem:APLICAÇÃO FINANCEIRA-Destino:BANCO UNICRED 165099-8 RESGATE APLICACAO FINA;;APLICAÇÃO UNICRED;13738
20/06/2025;Transf. |Origem:APLICAÇÃO FINANCEIRA-Destino:BANCO UNICRED 165099-8 RESGATE APLICACAO FINA;;APLICAÇÃO UNICRED;13594,02
20/06/2025;Transf. |Origem:APLICAÇÃO FINANCEIRA-Destino:BANCO UNICRED 165099-8 RESGATE APLICACAO FINA;;APLICAÇÃO UNICRED;13071,73
20/06/2025;Transf. |Origem:APLICAÇÃO FINANCEIRA-Destino:BANCO UNICRED 165099-8 RESGATE APLICACAO FINA;;APLICAÇÃO UNICRED;12561,91
20/06/2025;Transf. |Origem:APLICAÇÃO FINANCEIRA-Destino:BANCO UNICRED 165099-8 RESGATE APLICACAO FINA;;APLICAÇÃO UNICRED;9222,1
20/06/2025;Transf. |Origem:APLICAÇÃO FINANCEIRA-Destino:BANCO UNICRED 165099-8 RESGATE APLICACAO FINA;;APLICAÇÃO UNICRED;11865,93
20/06/2025;Transf. |Origem:APLICAÇÃO FINANCEIRA-Destino:BANCO UNICRED 165099-8 RESGATE APLICACAO FINA;;APLICAÇÃO UNICRED;23460,7
20/06/2025;Transf. |Origem:APLICAÇÃO FINANCEIRA-Destino:BANCO UNICRED 165099-8 RESGATE APLICACAO FINA;;APLICAÇÃO UNICRED;16293,29
20/06/2025;Transf. |Origem:APLICAÇÃO FINANCEIRA-Destino:BANCO UNICRED 165099-8 RESGATE APLICACAO FINA;;APLICAÇÃO UNICRED;15764,51
20/06/2025;Transf. |Origem:BANCO UNICRED 165099-8-Destino:BANCO UNICRE TRANSFERENCIA DE UNICRED PJ P/;;VINICIUS SCAPINI;-159000
20/06/2025;Pgto de serviço(s) realizado(s) | Cliente: AMA ODONTOLOGIA LTDA;;CLIENTES DIVERSOS;1400
20/06/2025;FABIANA KEMER PANDOLPHO| PGTO REF VALE ADIANTAMENTO DE SALARIO;;SALÁRIOS E ORDENADOS A PAGAR;-300
24/06/2025;MAG Seguros Seguros e Previdência S.A| PGTO REF SEGURO DE VIDA;;SEGUROS;-283,77
25/06/2025;ARTFLEX BIOFLEXMILAN COM DE MAT ELETR E HIDRAU LTDA ME| PGTO REF MC NFe 363;;MANUTENÇÕES E REPAROS;-364,75
25/06/2025;FABIANA KEMER PANDOLPHO| VALE;;SALÁRIOS E ORDENADOS A PAGAR;-80
25/06/2025;DE CARLI EMBALAGENS E MATERIAIS DE LIMPEZA| PGTO REF MAT DE HI G E LIMPEZA;;MATERIAL DE HIGIENE E LIMPEZA;-257,27
25/06/2025;MAYPER CONTADORES ASSOCIADOS LTDA| PGTO REF HONORARIOS CONTABEIS;;ASSISTÊNCIA CONTÁBIL;-850
25/06/2025;SUPERVISA SUPERMERCADOS LTDA| PGTO REF COMPRA CAFÉ;;COPA E COZINHA;-19,9
25/06/2025;TAMIRES FILGUEIRAS DE MOURA| PGTO REF SDR COMERCIAL;;SERVIÇOS PRESTADOS POR TERCEIROS;-1900
25/06/2025;Pgto de serviço(s) realizado(s) | Cliente: Luiz Fernando Griss;;CLIENTES DIVERSOS;2100
26/06/2025;JJGC INDUSTRIA E COMERCIO DE MATERIAIS DENTARIOS S.A| PGTO REF MC NFe 546574;;FORNECEDORES A PAGAR;-479,6
26/06/2025;RECK & CIA LTDA EPP| PGTO REF MANUTENÇÃO AR CONDICIONADO (5 LIMPESAS);;MANUTENÇÕES E REPAROS;-307
27/06/2025;RD GESTAO E SISTEMAS S. A| PGTO REF GESTAO DE SISTEMAS;;SERVIÇOS PRESTADOS POR TERCEIROS;-60
30/06/2025;DENTALSHOP PROD ODONTOLOGICOS LTDA| PGTO REF MP NFe 829875/1;;FORNECEDORES A PAGAR;-349,62
30/06/2025;DENTALSHOP PROD ODONTOLOGICOS LTDA| PGTO REFM MP NFe 79014;;FORNECEDORES A PAGAR;-571,59
